agency_id,agency_name,route_id,route_short_name,route_long_name,route_type,route_color,route_text_color,line_id
Operator_043,ADP,C00562,N1,N1,3,DF3A82,FFFFFF,r8268452
Operator_043,ADP,C00563,CDG VAL,CDG VAL,0,5CC5ED,FFFFFF,r6928933
Operator_043,ADP,C01792,N2,N2,3,6CA513,FFFFFF,r8268538
Operator_291,Albatrans,C01565,91-04,EXPRESS 91-04,3,3BB2FF,000000,r6940422
Operator_291,Albatrans,C01571,91-10,EXPRESS 91-10,3,3BB2FF,000000,r7105212
Operator_291,Albatrans,C02201,91-11,EXPRESS 91-11,3,3BB2FF,000000,r8413211
6,Apolo 7,C01423,1,1,3,F9DC00,000000,r7142158
6,Apolo 7,C01426,2,2,3,0074BA,FFFFFF,r7318440
6,Apolo 7,C01427,5,5,3,00B8E0,000000,r7331862
6,Apolo 7,C01717,8,8,3,8C5E23,FFFFFF,r7466920
6,Apolo 7,C02129,3,3,3,B44A9C,FFFFFF,r3081886
6,Apolo 7,C02131,6,6,3,AF171A,FFFFFF,r8285313
6,Apolo 7,C02133,9,9,3,19B200,FFFFFF,r8297079
6,Apolo 7,C02136,7,7,3,97BF35,000000,r8285312
6,Apolo 7,C02137,4,4,3,DC9015,000000,r7728377
1054,Argenteuil - Boucles de Seine,C00292,1,1,3,8CC7FF,FFFFFF,r7921011
1054,Argenteuil - Boucles de Seine,C00294,2,2,3,FF8C57,000000,r8373352
1054,Argenteuil - Boucles de Seine,C00295,4,4,3,82DC73,000000,r1842753
1054,Argenteuil - Boucles de Seine,C00296,5,5,3,FFBE00,000000,r8456090
1054,Argenteuil - Boucles de Seine,C00297,8,8,3,5A230A,FFFFFF,r8187695
1054,Argenteuil - Boucles de Seine,C00298,9,9,3,FF1400,FFFFFF,r8186765
1054,Argenteuil - Boucles de Seine,C00303,18,18,3,0055C8,FFFFFF,r8393431
1054,Argenteuil - Boucles de Seine,C00306,34,34,3,A0006E,FFFFFF,r2343189
1054,Argenteuil - Boucles de Seine,C00308,6,6,3,640082,FFFFFF,r2625885
1054,Argenteuil - Boucles de Seine,C00312,7,7,3,3C91DC,FFFFFF,r7011277
1054,Argenteuil - Boucles de Seine,C00316,J,J,3,A38C57,FFFFFF,r7517220
1054,Argenteuil - Boucles de Seine,C00317,H,H,3,3C91DC,FFFFFF,r7517221
1054,Argenteuil - Boucles de Seine,C00330,A,A,3,0055C8,FFFFFF,r7517223
1054,Argenteuil - Boucles de Seine,C00332,E,E,3,9B9BCD,FFFFFF,r7920965
1054,Argenteuil - Boucles de Seine,C00334,K,K,3,FF8C94,FFFFFF,r7517253
1054,Argenteuil - Boucles de Seine,C00335,C,C,3,E11400,FFFFFF,r7517222
1054,Argenteuil - Boucles de Seine,C00337,G,G,3,9B9BCD,FFFFFF,r8449168
1054,Argenteuil - Boucles de Seine,C01473,2,2,3,8CE39C,FFFFFF,r7920966
1054,Argenteuil - Boucles de Seine,C01476,6,6,3,82C8E6,000000,r9219662
1054,Argenteuil - Boucles de Seine,C01478,12,12,3,FF8C57,000000,r9137679
1054,Argenteuil - Boucles de Seine,C01681,3,3,3,00643C,FFFFFF,r2653031
1054,Argenteuil - Boucles de Seine,C01755,D,D,3,640082,FFFFFF,r7921036
1054,Argenteuil - Boucles de Seine,C01822,17,17,3,FFBE00,000000,r8456130
1054,Argenteuil - Boucles de Seine,C02144,T,T,3,FF8C57,000000,r8366461
1054,Argenteuil - Boucles de Seine,C02149,B,B,3,00643C,FFFFFF,r7920964
1054,Argenteuil - Boucles de Seine,C02150,F,F,3,82C8E6,000000,r8298340
1054,Argenteuil - Boucles de Seine,C02152,P,P,3,FF8C94,FFFFFF,r8316271
1054,Argenteuil - Boucles de Seine,C02264,20,20,3,8CAD08,FFFFFF,r11041995
7,Arlequin,C00548,12,12,3,5A79B6,000000,r3315943
Operator_233,Autobus du Fort,C01548,701,701,3,005AA1,FFFFFF,r2196022
Operator_334,Autocars Dominique,C01757,Traverse,La Traverse Brancion-Commerce,3,CBE859,FFFFFF,r7214891
4,Aérial,C00786,9,9,3,00FF00,000000,
4,Aérial,C00787,5,5,3,77B5FE,000000,r7618346
4,Aérial,C00788,6,6,3,791CF8,FFFFFF,r7618345
4,Aérial,C00793,1,1,3,FF0000,FFFFFF,r7618269
4,Aérial,C00794,4,4,3,00FF00,000000,r7618295
4,Aérial,C00795,2,2,3,1E7FCB,FFFFFF,r8399988
4,Aérial,C00796,3,3,3,ED7F10,FFFFFF,r7618347
4,Aérial,C01947,8,8,3,0000FF,FFFFFF,r7618243
Operator_503,Aéroport Paris-Beauvais / SAGEB,C02179,Aérobus,Aérobus,3,0000CC,FFFFFF,r9183484
1066,Bassin de Claye,C00656,8,8,3,0DAB00,FFFFFF,r2206807
1066,Bassin de Claye,C00658,17,17,3,9CFA00,000000,r3490811
1066,Bassin de Claye,C00659,18,18,3,034AD9,FFFFFF,r8371071
1066,Bassin de Claye,C00660,19,19,3,DE00D9,FFFFFF,r11267376
1066,Bassin de Claye,C01776,9,9,3,E5000F,FFFFFF,r9231462
1066,Bassin de Claye,C01777,12,12,3,40C9FF,000000,r11267377
1063,Bièvre,C00339,401,401,3,82C8E6,000000,r9195935
1063,Bièvre,C00340,402,402,3,FF5A00,000000,r8371170
1063,Bièvre,C00342,412,412,3,FF0000,FFFFFF,r8404004
1063,Bièvre,C00345,408,408,3,FFBE00,000000,r7829995
1063,Bièvre,C00346,409,409,3,00643C,FFFFFF,r9181182
1063,Bièvre,C02528,T10,T10,0,6E6E00,FFFFFF,
1056,Brie et 2 Morin,C00920,31,31,3,351C75,FFFFFF,r9912272
1056,Brie et 2 Morin,C00922,32,32,3,35B660,FFFFFF,r9905067
1056,Brie et 2 Morin,C00923,33,33,3,BF6CAC,FFFFFF,r9905093
1056,Brie et 2 Morin,C00924,34,34,3,CC7F3C,000000,r9190682
1056,Brie et 2 Morin,C00926,35,35,3,F8B63A,000000,r9912301
1056,Brie et 2 Morin,C00934,49,49,3,EF373E,FFFFFF,r9919053
1056,Brie et 2 Morin,C00941,56,56,3,CEACD2,000000,r9237642
1056,Brie et 2 Morin,C00944,59,59,3,C1D95C,000000,r14396879
1056,Brie et 2 Morin,C00947,62EX,Express 62,3,3BB2FF,000000,r7790644
1056,Brie et 2 Morin,C00960,67EX,Express 67,3,3BB2FF,000000,r8493815
1056,Brie et 2 Morin,C01057,38,38,3,38761D,FFFFFF,
1056,Brie et 2 Morin,C01059,40,40,3,CFE2F3,000000,r9923401
1056,Brie et 2 Morin,C01060,41A,41A,3,990000,FFFFFF,r6886090
1056,Brie et 2 Morin,C01062,01EX,Express 01,3,3BB2FF,000000,r10547176
1056,Brie et 2 Morin,C01063,17Ex,Express 17,3,3BB2FF,000000,r6957303
1056,Brie et 2 Morin,C01993,48,48,3,F085B5,000000,r9923459
1056,Brie et 2 Morin,C02035,A,A,3,CC0000,FFFFFF,r8465785
1056,Brie et 2 Morin,C02036,B,B,3,0070C0,FFFFFF,r8465792
1056,Brie et 2 Morin,C02069,03A,03A,3,CC9900,000000,r8465769
1056,Brie et 2 Morin,C02070,03B,03B,3,CC9900,000000,r8466513
1056,Brie et 2 Morin,C02072,12A,12A,3,8EB4E3,FFFFFF,
1056,Brie et 2 Morin,C02077,31A,31A,3,FFCC00,000000,
1056,Brie et 2 Morin,C02154,41B,41B,3,EA9999,000000,r9904977
1056,Brie et 2 Morin,C02196,29M,29M,3,CCCC00,FFFFFF,
14,Bus Haut Val d'Oise,C00605,G,G,3,F5A48D,FFFFFF,r8450382
14,Bus Haut Val d'Oise,C00606,C,C,3,A19A2B,FFFFFF,r8450387
14,Bus Haut Val d'Oise,C01659,A,A,3,F3A4BA,000000,r8450384
14,Bus Haut Val d'Oise,C01660,B,B,3,C04191,FFFFFF,r8450383
14,Bus Haut Val d'Oise,C01662,F,F,3,97B3DE,FFFFFF,r8450388
14,Bus Haut Val d'Oise,C01735,DIM,DIM,3,97D4E2,000000,r8450385
16,Busval d'Oise,C00264,95-01,95-01,3,97B6E0,FFFFFF,r6952110
16,Busval d'Oise,C00265,95-02,95-02,3,006DB8,FFFFFF,r3253655
16,Busval d'Oise,C00400,95-17,95-17,3,00FF00,000000,r7449948
16,Busval d'Oise,C00607,95-09,95-09,3,FECE00,000000,r9447998
16,Busval d'Oise,C00608,95-10,95-10,3,B397C7,FFFFFF,
16,Busval d'Oise,C01675,EX100,EX100 Persan,3,3BB2FF,FFFFFF,r8493726
Operator_014,CIF,C00191,11,11,3,C04191,FFFFFF,r107354
Operator_014,CIF,C00194,12,12,3,98B3DE,FFFFFF,r7097563
Operator_014,CIF,C00196,14,14,3,662483,FFFFFF,r9836838
Operator_014,CIF,C00198,16,16,3,C04191,FFFFFF,r9192729
Operator_014,CIF,C00199,17,17,3,98B3DE,FFFFFF,r8366812
Operator_014,CIF,C00200,18,18,3,F5A05F,000000,r8404789
Operator_014,CIF,C00201,19,19,3,9BC0A9,FFFFFF,r6163356
Operator_014,CIF,C00202,21,21,3,D4C900,000000,r9206954
Operator_014,CIF,C00204,23,23,3,F28F42,000000,r2531082
Operator_014,CIF,C00205,30B,30B,3,98D4E2,000000,r7097513
Operator_014,CIF,C00206,30D,30D,3,9C9A3E,FFFFFF,r7097520
Operator_014,CIF,C00207,R8,R8,3,F4A8BC,000000,r7921056
Operator_014,CIF,C00208,31,31,3,E3051B,FFFFFF,r8388057
Operator_014,CIF,C00209,32,32,3,CEC92B,000000,r107356
Operator_014,CIF,C00210,32A,32A,3,9BCDA4,000000,r3253656
Operator_014,CIF,C00211,33,33,3,98B3DE,FFFFFF,r107352
Operator_014,CIF,C00221,71,71,3,B28E64,FFFFFF,r9193835
Operator_014,CIF,C00223,EX93,EX93 Bobigny,3,3BB2FF,FFFFFF,r2531075
Operator_014,CIF,C00224,Gbus,Gbus,3,F4A8BC,000000,r7741077
Operator_014,CIF,C00228,R1,R1,3,81C391,000000,r7678060
Operator_014,CIF,C00229,R2,R2,3,F28F42,000000,r7678000
Operator_014,CIF,C00230,R3,R3,3,F5A05F,000000,r7678061
Operator_014,CIF,C00231,R4,R4,3,98D0C1,FFFFFF,r8493728
Operator_014,CIF,C00232,R5,R5,3,FECE00,000000,r9207015
Operator_014,CIF,C00233,R6,R6,3,98D4E2,000000,r8377444
Operator_014,CIF,C00234,R7,R7,3,B397C7,FFFFFF,r9836790
Operator_014,CIF,C00261,VITAVIL,Vitavil,3,F28F42,000000,r9207487
Operator_014,CIF,C01801,3A,3A,3,FECE00,000000,r9181063
Operator_014,CIF,C01815,32ZA,32ZA,3,9BC0A9,FFFFFF,r9240941
Operator_014,CIF,C01866,24,24,3,4F91CD,FFFFFF,r8360705
Operator_014,CIF,C02030,Soir,Soirée Louvres,3,652C8F,FFFFFF,
Operator_014,CIF,C02164,34,34,3,9BCDA4,000000,r36997
Operator_014,CIF,C02166,12ZI,12ZI,3,97B6E0,FFFFFF,r7387039
Operator_014,CIF,C02255,Soir,Soirée Survilliers - Fosses,3,652C8F,FFFFFF,
Operator_027,Cars Hourtoule,C00401,5,5,3,644C18,FFFFFF,r7234686
Operator_027,Cars Hourtoule,C00402,7,7,3,197790,FFFFFF,r8737996
Operator_027,Cars Hourtoule,C00408,11,11,3,467D30,FFFFFF,r8402861
Operator_027,Cars Hourtoule,C00409,12,12,3,F51CFF,FFFFFF,r7921039
Operator_027,Cars Hourtoule,C00410,14,14,3,253883,FFFFFF,
Operator_027,Cars Hourtoule,C00411,15,15,3,3BB2FF,000000,r9249778
Operator_027,Cars Hourtoule,C00413,17,17,3,A6C9FF,FFFFFF,r8740258
Operator_027,Cars Hourtoule,C00415,19,19,3,B8FFE0,000000,
Operator_027,Cars Hourtoule,C00425,41,41,3,F18C04,000000,r9249844
Operator_027,Cars Hourtoule,C00426,78,Express 78,3,3BB2FF,000000,
Operator_030,Cars Lacroix,C00462,30-36,30-36,3,00772F,FFFFFF,
Operator_030,Cars Lacroix,C00466,30-42,30-42,3,DFA0C4,000000,r9106179
Operator_030,Cars Lacroix,C00479,Navette,Navette de Bouffemont,3,008FD3,FFFFFF,r7909099
Operator_030,Cars Lacroix,C00480,CitéVal N,CitéVal Nord Herblay,3,F08B27,FFFFFF,r9188040
Operator_030,Cars Lacroix,C00481,CitéVal S,CitéVal Sud Herblay,3,00538D,FFFFFF,r9188067
Operator_030,Cars Lacroix,C02040,CitéVal C,CitéVal Cormeilles-en-Parisis,3,E5377D,FFFFFF,r9188120
Operator_030,Cars Lacroix,C02041,CitéVal F,CitéVal Franconville,3,9FC005,000000,r9188157
Operator_030,Cars Lacroix,C02257,95-29,95-29,3,F29200,FFFFFF,r9694410
Operator_030,Cars Lacroix,C02517,CitéVal,CitéVal Ermont,3,A03187,000000,
Operator_214,Cars Losay,C01494,SAMOIS,SAMOIS,3,010101,FFFFFF,r7618348
Operator_210,Cars Moreau,C01452,4A,4A,3,F4AACC,000000,
Operator_210,Cars Moreau,C01453,4B,4B,3,F4AACC,000000,
Operator_210,Cars Moreau,C01454,4C,4C,3,F4AACC,000000,
Operator_210,Cars Moreau,C01455,4D,4D,3,F4AACC,000000,
Operator_210,Cars Moreau,C01456,1,1,3,1D1D1B,FFFFFF,
Operator_210,Cars Moreau,C01457,4BD,4BD,3,F4AACC,000000,
Operator_210,Cars Moreau,C01459,211,211,3,96ACD9,000000,
Operator_210,Cars Moreau,C01461,201,201,3,98B3DE,000000,
Operator_210,Cars Moreau,C01462,202,202,3,99A9D7,FFFFFF,
Operator_210,Cars Moreau,C01463,203,203,3,98B4DF,FFFFFF,
Operator_210,Cars Moreau,C01464,2,2,3,2569B2,FFFFFF,r9972477
Operator_210,Cars Moreau,C01467,BRAY 9,BRAY 9,3,9DC78E,000000,
Operator_210,Cars Moreau,C01468,BRAY 3,BRAY 3,3,9DC78E,000000,
Operator_210,Cars Moreau,C01469,204,204,3,99AEDA,000000,
Operator_210,Cars Moreau,C01471,BRAY 11,BRAY 11,3,9DC78E,000000,
Operator_210,Cars Moreau,C01664,3,3,3,E30F13,FFFFFF,
Operator_210,Cars Moreau,C02056,4E,4E,3,F4AACC,000000,
Operator_038,Cars Rose,C00484,3801,3801,3,FECA2A,000000,r8132489
Operator_038,Cars Rose,C00487,3804,3804,3,108642,000000,r8132510
Operator_070,Cars Soeur,C00985,7001,7001,3,8066FF,000000,r9230881
Operator_070,Cars Soeur,C00987,7002,7002,3,FFBF00,000000,r9674065
663,Chavilbus,C02304,ChavilBus,Chavilbus,3,C99EFF,000000,r7673721
28,Comète,C00799,209,209,3,3A8923,FFFFFF,r7797398
28,Comète,C01444,208,208,3,0069B8,FFFFFF,r7797072
28,Comète,C01446,205,205,3,DB0073,FFFFFF,r7797300
28,Comète,C01450,203,203,3,F9AA0D,000000,r7797176
29,Conflans Achères,C01475,05,05,3,E30613,FFFFFF,r8357295
29,Conflans Achères,C01477,11,11,3,009DB2,FFFFFF,r7922077
29,Conflans Achères,C01479,14,14,3,FBBA00,000000,r7194163
29,Conflans Achères,C01480,17A,17A,3,9C91C5,FFFFFF,r8718014
29,Conflans Achères,C01674,A2,A2,3,009FE3,000000,r8413513
29,Conflans Achères,C01685,A1,A1,3,F28C1C,000000,r8364140
29,Conflans Achères,C02197,17B,17B,3,9C91C5,FFFFFF,r8718013
29,Conflans Achères,C02226,04,04,3,1FA22E,FFFFFF,r9817423
Operator_097,Darche Gros,C01043,14,14,3,E75294,FFFFFF,r8453487
1058,Essonne Sud Est,C00092,4305,4305 (ex 205),3,FF26D9,000000,r9243178
1058,Essonne Sud Est,C00319,4301,4301 (ex 201),3,00FF66,000000,r1240537
1058,Essonne Sud Est,C00322,4303,4303 (ex 203),3,4DFFFF,000000,r7921051
1058,Essonne Sud Est,C01013,4341,4341 (ex 284-001),3,E40613,FFFFFF,
1058,Essonne Sud Est,C01014,4342,4342 (ex 284-002),3,FDC935,000000,
1058,Essonne Sud Est,C01015,4343,4343 (ex 284-003),3,F28800,FFFFFF,
1058,Essonne Sud Est,C01017,4346,4346 (ex 284-006),3,9F2A82,FFFFFF,
1058,Essonne Sud Est,C01811,4306,4306 (ex 206A),3,7F78ED,000000,r9243459
1058,Essonne Sud Est,C01812,4316,4316 (ex 206B),3,6624FF,FFFFFF,r9243857
1058,Essonne Sud Est,C02020,4307,4307 (ex 207),3,EC7404,FFFFFF,r7202603
1058,Essonne Sud Est,C02021,4308,4308 (ex 208),3,009EE0,FFFFFF,r9236158
1058,Essonne Sud Est,C02220,Soir,Soirée Mennecy,3,652C8F,FFFFFF,
1058,Essonne Sud Est,C02221,4309,4309 (ex 209),3,B2111D,FFFFFF,
1058,Essonne Sud Est,C02486,Soir,Soirée Bouray,3,652C8F,FFFFFF,
1058,Essonne Sud Est,C02495,TàD 4305,TàD 4305 (ex TàD 205),3,FECB00,000000,
1058,Essonne Sud Est,C02496,TàD 4301,TàD 4301 (ex TàD 201/202),3,FECB00,000000,
1058,Essonne Sud Est,C02599,4318,4318 (ex 208B),3,009EE0,FFFFFF,
1059,Essonne Sud Ouest,C00082,10-01,10-01,3,FFCE00,000000,r9242932
1059,Essonne Sud Ouest,C00098,331,331,3,8D5E2A,FFFFFF,r8726223
1059,Essonne Sud Ouest,C00105,330,330,3,83C491,000000,r1687242
1059,Essonne Sud Ouest,C00167,61,61,3,E3051C,FFFFFF,
1059,Essonne Sud Ouest,C00176,22,22,3,00814F,FFFFFF,r7194182
1059,Essonne Sud Ouest,C00967,68-09,68-09,3,F3A4BA,000000,r9190605
1059,Essonne Sud Ouest,C00970,68-16,68-16,3,5291CE,FFFFFF,r9258582
1059,Essonne Sud Ouest,C00973,306.04,306.04,3,5291CE,FFFFFF,r7921042
1059,Essonne Sud Ouest,C00975,1,1,3,E3B32A,000000,r8369803
1059,Essonne Sud Ouest,C00976,2,2,3,BE418E,FFFFFF,r9197471
1059,Essonne Sud Ouest,C00978,913.08,913.08,3,D5C900,000000,r8730251
1059,Essonne Sud Ouest,C00979,913.10,913.10,3,8D5E2A,FFFFFF,r7921026
1059,Essonne Sud Ouest,C00982,3,3,3,5291CE,FFFFFF,r9256759
1059,Essonne Sud Ouest,C00983,5,5,3,F3A4BA,000000,r9257304
1059,Essonne Sud Ouest,C00984,913.50,913.50,3,98D4E2,000000,r9259499
1059,Essonne Sud Ouest,C01563,91-02,91-02,3,3BB2FF,000000,r6940387
1059,Essonne Sud Ouest,C01564,91-03,91-03,3,3BB2FF,000000,r7105179
1059,Essonne Sud Ouest,C01568,91-07,91-07,3,5291CE,FFFFFF,r6940386
1059,Essonne Sud Ouest,C02057,6,6,3,CEADD2,000000,r9257415
1059,Essonne Sud Ouest,C02185,62,62,3,FFCE00,000000,
1059,Essonne Sud Ouest,C02431,332,332,3,B90845,FFFFFF,
1059,Essonne Sud Ouest,C02449,41,41,3,98D4E2,000000,
1059,Essonne Sud Ouest,C02450,42,42,3,5291CE,FFFFFF,
1059,Essonne Sud Ouest,C02473,913.17C,913.17C,3,F28E42,000000,
1059,Essonne Sud Ouest,C02474,Soir,Soirée Etampes,3,662483,FFFFFF,
1053,Filéo,C01429,Filéo OTH,Filéo Othis (sur réservation),3,B80B4B,FFFFFF,r2531208
1053,Filéo,C01431,Filéo SAR,Filéo Sarcelles (sur réservation),3,006DB8,FFFFFF,r8405392
1053,Filéo,C01432,Filéo GSV,Filéo Goussainville (sur réservation),3,CEC92B,000000,r8398489
1053,Filéo,C01433,Filéo VLB,Filéo Villiers-le-Bel (sur réservation),3,F69FB3,000000,r2531207
1053,Filéo,C01434,Filéo RS,Filéo Roissy Sud - Tremblay (sur réservation),3,4890CD,FFFFFF,r2531225
1053,Filéo,C01671,FILEO VE,Filéo Roissy Sud - Villepinte (sur réservation),3,003BD1,FFFFFF,r8449216
1053,Filéo,C01712,Filéo SF,Filéo Survilliers (sur réservation),3,FECE00,000000,r7678094
1053,Filéo,C01823,St-Pathus,Fileo Saint-Pathus (sur réservation),3,E01921,FFFFFF,r8404844
1053,Filéo,C02060,Filéo RS,Filéo Roissy Sud - Villeparisis et Mitry (sur réservation),3,4890CD,FFFFFF,r2531226
38,Goëlys,C00245,701,701,3,B80B4B,FFFFFF,r8211074
38,Goëlys,C00246,702,702,3,8C5E2B,FFFFFF,r8258499
38,Goëlys,C00247,703,703,3,DBA2CA,FFFFFF,r9207454
38,Goëlys,C00248,704,704,3,F28F42,000000,r8218429
38,Goëlys,C00249,705,705,3,98D4E2,000000,r9947937
38,Goëlys,C00250,707,707,3,81C391,000000,r9946409
38,Goëlys,C00251,708,708,3,FECE00,000000,r9235172
38,Goëlys,C00252,709,709,3,E3B326,000000,r9235191
38,Goëlys,C00253,710,710,3,DBA2CA,FFFFFF,r9946370
38,Goëlys,C00254,711,711,3,98D4E2,000000,r8218430
1050,Grand Melun,C00801,I,I,3,799C13,FFFFFF,r7920998
1050,Grand Melun,C00814,S15,S15,3,BD1220,FFFFFF,
1050,Grand Melun,C00875,A,A,3,E20019,FFFFFF,r7921022
1050,Grand Melun,C00876,B,B,3,FFEC00,000000,r8353656
1050,Grand Melun,C00877,C,C,3,D39D00,000000,r7921010
1050,Grand Melun,C00878,Cd,Cd,3,D39D00,000000,
1050,Grand Melun,C00879,D,D,3,0069B2,FFFFFF,r7921023
1050,Grand Melun,C00880,L,L,3,ED87B1,000000,r7921015
1050,Grand Melun,C00881,E,E,3,EA690A,FFFFFF,r7921019
1050,Grand Melun,C00882,F,F,3,38761D,FFFFFF,r7921021
1050,Grand Melun,C00883,Fd,Fd,3,38761D,FFFFFF,r9228837
1050,Grand Melun,C00884,N,N,3,009DE0,000000,r7921009
1050,Grand Melun,C00885,M,M,3,B1C800,000000,r7921020
1050,Grand Melun,C00886,S6,S6,3,F5B1CB,000000,
1050,Grand Melun,C00887,K,K,3,7F408E,FFFFFF,r7921018
1050,Grand Melun,C00890,S4,S4,3,FAE212,000000,
1050,Grand Melun,C00891,G,G,3,92D1D1,000000,r9228057
1050,Grand Melun,C00892,S1,S1,3,F29F14,000000,
1050,Grand Melun,C00893,S2,S2,3,E2087A,FFFFFF,
1050,Grand Melun,C00894,S3,S3,3,1FBBE7,000000,
1050,Grand Melun,C00895,J,J,3,162883,FFFFFF,r7921014
1050,Grand Melun,C00897,O,O,3,E20079,FFFFFF,r9223363
1050,Grand Melun,C01753,S5,S5,3,009A3E,FFFFFF,
1050,Grand Melun,C02209,S9,S9,3,FF69FF,000000,
1050,Grand Melun,C02272,S11,S11,3,FDC300,000000,
1050,Grand Melun,C02273,S12,S12,3,7F3C8C,FFFFFF,
1050,Grand Melun,C02274,S13,S13,3,008FD0,000000,
1050,Grand Melun,C02275,S14,S14,3,BD1220,FFFFFF,
1050,Grand Melun,C02276,V,V,3,93107E,FFFFFF,
1050,Grand Melun,C02280,S16,S16,3,7E1518,FFFFFF,
1050,Grand Melun,C02281,P,P,3,9C9D9F,000000,
1050,Grand Melun,C02282,T,T,3,009A54,000000,
1050,Grand Melun,C02283,S7,S7,3,F4CCCC,000000,
1050,Grand Melun,C02284,S8,S8,3,006AB3,FFFFFF,
1050,Grand Melun,C02293,S10,S10,3,20A12E,000000,
37,Génovébus,C00086,1,1,3,E5122E,000000,r8369092
37,Génovébus,C00087,2,2,3,F5E312,000000,r6785275
37,Génovébus,C00088,3,3,3,BF59E5,000000,r8384179
37,Génovébus,C00089,4,4,3,6BF5FF,000000,r6785331
915,Houdanais,C00054,2,2,3,F5A162,000000,
915,Houdanais,C00062,60,Express 60,3,3BB2FF,000000,r9204349
915,Houdanais,C00064,67,Express 67,3,3BB2FF,000000,r9176247
915,Houdanais,C01981,22,22,3,BC9AC8,000000,
915,Houdanais,C01984,38,38,3,9F6F16,FFFFFF,r8186068
915,Houdanais,C01988,48,48,3,FFDD00,000000,
915,Houdanais,C01990,55,55,3,FFCC00,000000,
915,Houdanais,C01992,17,17,3,A1C74D,000000,
Operator_055,Keolis Meyer,C00662,DM02 A,DM02 A,3,99D4DF,000000,r5989074
Operator_055,Keolis Meyer,C00663,DM02 B,DM02 B,3,E20022,FFFFFF,r5717042
Operator_055,Keolis Meyer,C00664,DM3A,DM3A,3,F2A5B7,000000,r7245040
Operator_055,Keolis Meyer,C00665,DM04,DM04,3,99D4DF,000000,r5989121
Operator_055,Keolis Meyer,C00666,DM5,DM5,3,0065AE,FFFFFF,r6010903
Operator_055,Keolis Meyer,C00667,DM06 A,DM06 A,3,FFCE00,000000,r9183833
Operator_055,Keolis Meyer,C00668,DM06 B,DM06 B,3,007E49,FFFFFF,r9183898
Operator_055,Keolis Meyer,C00670,DM08,DM08,3,F19043,000000,r6001282
Operator_055,Keolis Meyer,C00671,DM9,DM9,3,BE418E,FFFFFF,r8446805
Operator_055,Keolis Meyer,C00677,DM13,DM13,3,CEADCF,000000,r7471869
Operator_055,Keolis Meyer,C00678,DM17 A,DM17 A,3,E20022,FFFFFF,r9203505
Operator_055,Keolis Meyer,C00679,DM16,DM16,3,007E49,FFFFFF,r9182058
Operator_055,Keolis Meyer,C00681,DM19,DM19,3,5292C9,FFFFFF,r9832633
Operator_055,Keolis Meyer,C00682,DM20,DM20,3,0065AE,FFFFFF,r9832751
Operator_055,Keolis Meyer,C00683,DM21 A,DM21 A,3,FFCE00,000000,r8268979
Operator_055,Keolis Meyer,C00684,DM21 B,DM21 B,3,CEADCF,000000,r8268978
Operator_055,Keolis Meyer,C00685,DM22,DM22,3,E20022,FFFFFF,r5998406
Operator_055,Keolis Meyer,C00688,DM26,DM26,3,F2A5B7,000000,r8220074
Operator_055,Keolis Meyer,C00689,DM151,DM151,3,3BB2FF,000000,r7073416
Operator_055,Keolis Meyer,C00691,DM153,DM153,3,99D4DF,000000,r7423843
Operator_055,Keolis Meyer,C00962,68.01,68.01,3,5292C9,FFFFFF,
Operator_055,Keolis Meyer,C00963,68.02,68.02,3,E20022,FFFFFF,r9257973
Operator_055,Keolis Meyer,C00972,68.05 B,68.05 B,3,F19043,000000,
Operator_055,Keolis Meyer,C02395,DM154,DM154,3,3BB2FF,000000,r14654416
Operator_055,Keolis Meyer,C02397,DM50,DM50,3,85C28E,000000,
Operator_055,Keolis Meyer,C02461,DM3B,DM3B,3,D6C900,000000,r9832132
Operator_055,Keolis Meyer,C02466,TàD,TàD Coeur Essonne 1,3,FECB00,000000,
Operator_055,Keolis Meyer,C02467,TàD,TàD Coeur Essonne 2,3,FECB00,000000,
Operator_055,Keolis Meyer,C02468,TàD,TàD Coeur Essonne 5,3,FECB00,000000,
Operator_116,Keolis Mobilité Roissy,C01670,Filéo RS,Filéo Roissy Sud - Sevran et Aulnay,3,4B90CC,FFFFFF,
Operator_116,Keolis Mobilité Roissy,C02059,27,27,3,F69FB3,000000,r8312707
Operator_116,Keolis Mobilité Roissy,C02061,32,32,3,CEC92B,000000,
Operator_116,Keolis Mobilité Roissy,C02062,EX100,EX100 Chelles,3,3BB2FF,000000,r6972327
Operator_1004,Keolis Ouest Val-de-Marne,C02317,T9,T9,0,5091CB,FFFFFF,r12564972
Operator_046,Keolis Val d'Oise,C00603,2,2,3,E3051B,FFFFFF,r8448000
Operator_084,Les Cars Bleus,C01002,184-001,184-001,3,89C379,FFFFFF,
Operator_084,Les Cars Bleus,C01012,184-014,184-014,3,006EB9,FFFFFF,r8479479
Operator_231,Magical Shuttle,C01544,Selected,Magical Shuttle Selected,3,1AC7FF,000000,r9190573
Operator_231,Magical Shuttle,C01545,CDG,Magical Shuttle CDG,3,3BB2FF,000000,r9190528
Operator_231,Magical Shuttle,C01546,Orly,Magical Shuttle Orly,3,3BB2FF,000000,r9190550
1052,Mantois,C00108,44,44,3,DFAF47,FFFFFF,
1052,Mantois,C00120,42,42,3,9B9842,FFFFFF,r7921016
1052,Mantois,C00121,43,43,3,5091CB,FFFFFF,
1052,Mantois,C00288,87,87,3,FFCC30,000000,r8467036
1052,Mantois,C00731,9,9,3,008B5B,FFFFFF,r9978274
1052,Mantois,C00733,15,15,3,B6134C,FFFFFF,r9752169
1052,Mantois,C00740,22,22,3,8AD3DE,000000,r10003678
1052,Mantois,C00747,L,L,3,DFAF47,FFFFFF,r9184388
1052,Mantois,C00748,81,81,3,F58F53,FFFFFF,r10003789
1052,Mantois,C00749,82,82,3,FFCC30,000000,r10003838
1052,Mantois,C00749,82,82,3,FFCC30,000000,r15601505
1052,Mantois,C00749,82,82,3,FFCC30,000000,r15601507
1052,Mantois,C00749,82,82,3,FFCC30,000000,r15602429
1052,Mantois,C00755,88A,88A,3,FFCC30,000000,r12462685
1052,Mantois,C00757,88B,88B,3,8D653D,FFFFFF,r15706336
1052,Mantois,C00761,88C,88C,3,7AC597,000000,
1052,Mantois,C01033,75,75,3,CEC73D,000000,
1052,Mantois,C01034,73,73,3,FFCC30,000000,r14556090
1052,Mantois,C01036,72,72,3,65318F,FFFFFF,r14556740
1052,Mantois,C01428,40,40,3,EB2132,FFFFFF,r8413449
1052,Mantois,C01600,C,C,3,006FB6,FFFFFF,r8298486
1052,Mantois,C01601,D,D,3,8AD3DE,000000,r8312254
1052,Mantois,C01602,E,E,3,F58F53,000000,r9232011
1052,Mantois,C01603,I,I,3,006FB6,FFFFFF,r8408069
1052,Mantois,C01604,Z,Z,3,CEC73D,000000,r9231914
1052,Mantois,C01605,K,K,3,F49FB3,000000,r8407357
1052,Mantois,C01606,M,M,3,E0AF47,FFFFFF,r8400479
1052,Mantois,C01607,N,N,3,7AC597,000000,r9254991
1052,Mantois,C01612,X,X,3,8D653D,FFFFFF,r8405850
1052,Mantois,C01613,F,F,3,008B5B,FFFFFF,r14511402
1052,Mantois,C01614,G,G,3,B6134C,FFFFFF,r14511608
1052,Mantois,C01796,2B,2B,3,7AC597,FFFFFF,r9254889
1052,Mantois,C01797,2A,2A,3,5091CB,FFFFFF,r9254370
1052,Mantois,C01949,A,A,3,EB2132,FFFFFF,r9173954
1052,Mantois,C02161,71,71,3,B6134C,FFFFFF,
1052,Mantois,C02248,EXP A14 B,Express A14 Bonnières,3,3BB2FF,000000,
1052,Mantois,C02249,EXP A14 M,Express A14 Mantes,3,8AD3DE,000000,
1052,Mantois,C02479,EXTS,Extrême Soirée,3,CEC73D,000000,
1052,Mantois,C02480,41,41,3,FFCC30,000000,
1065,Marne et Seine,C00573,K,K,3,E2001C,FFFFFF,r5973841
1065,Marne et Seine,C00574,J1,J1,3,FFDC00,000000,r8165262
1065,Marne et Seine,C00575,J2,J2,3,FABD00,000000,r8165263
1065,Marne et Seine,C00581,B,B,3,00B7E3,FFFFFF,r5739372
1065,Marne et Seine,C00594,O1,O1,3,EC7FA9,FFFFFF,r9172915
1065,Marne et Seine,C01751,O2,O2,3,BD3F7C,FFFFFF,r9173025
64,Marne-la-Vallée,C00619,07,07,3,8AD3DE,000000,r6991441
64,Marne-la-Vallée,C00620,12,12,3,F49FB3,000000,r6991440
64,Marne-la-Vallée,C00621,13,13,3,F58F53,000000,r6116962
64,Marne-la-Vallée,C00622,04,04,3,71CC98,000000,r6991442
64,Marne-la-Vallée,C00623,15,15,3,8D653D,FFFFFF,r6116990
64,Marne-la-Vallée,C00625,21,21,3,CEC73D,000000,r6117019
64,Marne-la-Vallée,C00626,22,22,3,00B297,FFFFFF,r6120285
64,Marne-la-Vallée,C00627,23,23,3,B94E9A,FFFFFF,r7003010
64,Marne-la-Vallée,C00628,25,25,3,EB2132,FFFFFF,r6138428
64,Marne-la-Vallée,C00629,26,26,3,006FB6,FFFFFF,r6144402
64,Marne-la-Vallée,C00630,29,29,3,008B5B,FFFFFF,r6145087
64,Marne-la-Vallée,C00631,32,32,3,F58F53,000000,r6994039
64,Marne-la-Vallée,C00632,34,34,3,65318F,FFFFFF,r14396876
64,Marne-la-Vallée,C00633,37,37,3,FFCC30,000000,r7224864
64,Marne-la-Vallée,C00634,42,42,3,FFCC30,000000,r6147928
64,Marne-la-Vallée,C00635,43,43,3,8D653D,FFFFFF,r14396875
64,Marne-la-Vallée,C00636,44,44,3,9B9842,FFFFFF,r7728420
64,Marne-la-Vallée,C00638,24,24,3,5091CB,FFFFFF,r14396877
64,Marne-la-Vallée,C00903,06,06,3,71CC98,000000,r14396874
64,Marne-la-Vallée,C00911,14,14,3,C4A4CC,000000,r14454155
64,Marne-la-Vallée,C00943,57,57,3,B6134C,FFFFFF,r7921048
64,Marne-la-Vallée,C00945,60,60,3,5091CB,FFFFFF,r14638022
64,Marne-la-Vallée,C01713,46,46,3,B94E9A,FFFFFF,r6147733
64,Marne-la-Vallée,C01879,02,02,3,F59BBB,000000,r6101989
64,Marne-la-Vallée,C02016,47,47,3,008B5B,FFFFFF,r14396872
64,Marne-la-Vallée,C02298,27,27,3,DFAF47,000000,r12399533
1055,Meaux et Ourcq,C00262,777,777,3,00814F,FFFFFF,r9241076
1055,Meaux et Ourcq,C00637,18E,Express 18,3,3BB2FF,000000,r6957245
1055,Meaux et Ourcq,C00661,20E,Express 20,3,3BB2FF,000000,r8493727
1055,Meaux et Ourcq,C00898,J,J,3,6FA8DC,FFFFFF,r9248110
1055,Meaux et Ourcq,C00899,Js,Js,3,5EB1E3,FFFFFF,
1055,Meaux et Ourcq,C00900,F,F,3,722671,FFFFFF,r7920976
1055,Meaux et Ourcq,C00901,4,4,3,BC85BB,000000,r9237559
1055,Meaux et Ourcq,C00902,C,C,3,DE7FB2,000000,r9245656
1055,Meaux et Ourcq,C00908,10,10,3,F1C232,000000,r9237674
1055,Meaux et Ourcq,C00909,11,11,3,F4CCCC,000000,r9237869
1055,Meaux et Ourcq,C00912,L,L,3,B1D0B7,000000,r6851661
1055,Meaux et Ourcq,C00914,19,19,3,F79036,000000,r8403373
1055,Meaux et Ourcq,C00915,M,M,3,097D3B,FFFFFF,r9249389
1055,Meaux et Ourcq,C00916,21,21,3,BE4999,FFFFFF,r9941723
1055,Meaux et Ourcq,C00917,22,22,3,B6D7A8,000000,r8322773
1055,Meaux et Ourcq,C00919,23,23,3,177FC2,FFFFFF,r9924095
1055,Meaux et Ourcq,C00927,40,40,3,CC0000,FFFFFF,r9926817
1055,Meaux et Ourcq,C00928,41,41,3,F37941,000000,r9926923
1055,Meaux et Ourcq,C00929,42,42,3,FFFF00,000000,r9927796
1055,Meaux et Ourcq,C00930,46,46,3,914499,FFFFFF,
1055,Meaux et Ourcq,C00931,47,47,3,6AA84F,FFFFFF,
1055,Meaux et Ourcq,C00935,50,50,3,38761D,FFFFFF,
1055,Meaux et Ourcq,C00937,52,52,3,2394D2,FFFFFF,
1055,Meaux et Ourcq,C00938,53,53,3,6FA8DC,FFFFFF,
1055,Meaux et Ourcq,C00939,54,54,3,990000,FFFFFF,
1055,Meaux et Ourcq,C00940,54B,54B,3,990000,FFFFFF,r9927828
1055,Meaux et Ourcq,C00946,61,61,3,CBDC4F,000000,r9924118
1055,Meaux et Ourcq,C00948,63,63,3,B6D7A8,000000,r9928038
1055,Meaux et Ourcq,C00949,K,K,3,6FA8DC,000000,r7920975
1055,Meaux et Ourcq,C00950,65,65,3,78A6D1,000000,r7797582
1055,Meaux et Ourcq,C00953,B,B,3,FBD804,000000,r9245617
1055,Meaux et Ourcq,C00954,A,A,3,EF4038,FFFFFF,r9244978
1055,Meaux et Ourcq,C00955,H,H,3,D81466,FFFFFF,r9247946
1055,Meaux et Ourcq,C00957,G,G,3,CEACD2,000000,r9245895
1055,Meaux et Ourcq,C00958,D,D,3,E06666,FFFFFF,r9245690
1055,Meaux et Ourcq,C00959,I,I,3,0B5394,FFFFFF,r9247986
1055,Meaux et Ourcq,C00961,69E,Express 69,3,3BB2FF,000000,r9136598
1055,Meaux et Ourcq,C01820,02E,02E,3,3BB2FF,000000,r7721711
1055,Meaux et Ourcq,C01994,21S,21S,3,BE4999,FFFFFF,
1055,Meaux et Ourcq,C01995,4A,4A,3,B95A76,000000,
1055,Meaux et Ourcq,C01996,4B,4B,3,D5A6BD,000000,
1055,Meaux et Ourcq,C02229,Qs,Qs,3,B6D7A8,000000,
1055,Meaux et Ourcq,C02230,Fs,Fs,3,C27BA0,FFFFFF,
1055,Meaux et Ourcq,C02231,Ls,Ls,3,B6D7A8,000000,
1055,Meaux et Ourcq,C02232,Ms,Ms,3,38761D,FFFFFF,
1055,Meaux et Ourcq,C02233,Os,Os,3,D5A6BD,000000,
1055,Meaux et Ourcq,C02234,N,N,3,17A79C,000000,r9249479
1055,Meaux et Ourcq,C02235,Ns,Ns,3,38761D,FFFFFF,
1055,Meaux et Ourcq,C02236,E,E,3,F37D2E,000000,r7920977
1055,Meaux et Ourcq,C02237,Es,Es,3,FF9900,000000,
1055,Meaux et Ourcq,C02252,Ks,Ks,3,A3C2E6,000000,
1055,Meaux et Ourcq,C02345,61B,61B,3,D9EAD3,000000,
Operator_111,Mobicité,C02300,469,469,3,F9BD1B,000000,r7796849
55,Noctilien,C01392,N24,N24,3,FF5A00,FFFFFF,r1667801
55,Noctilien,C01393,N52,N52,3,D2D200,000000,r1576587
55,Noctilien,C01394,N51,N51,3,FFBE00,000000,r1553501
55,Noctilien,C01395,N44,N44,3,82DC73,000000,r6955630
55,Noctilien,C01396,N42,N42,3,DC9600,000000,r6955494
55,Noctilien,C01397,N23,N23,3,DC9600,000000,r1547965
55,Noctilien,C01398,N34,N34,3,D2D200,000000,r1549912
55,Noctilien,C01399,N33,N33,3,FF5A00,FFFFFF,r1555941
55,Noctilien,C01400,N31,N31,3,FF82B4,000000,r1535268
55,Noctilien,C01401,N21,N21,3,82DC73,000000,r6789691
55,Noctilien,C01402,N61,N61,3,DC9600,000000,r1762129
55,Noctilien,C01403,N62,N62,3,FF82B4,000000,r5540004
55,Noctilien,C01404,N32,N32,3,DC9600,000000,r1534904
55,Noctilien,C01405,N45,N45,3,FFBE00,000000,r6955761
55,Noctilien,C01406,N43,N43,3,FF5A00,FFFFFF,r6955549
55,Noctilien,C01407,N22,N22,3,FFBE00,000000,r5830159
55,Noctilien,C01408,N63,N63,3,D2D200,000000,r6956361
55,Noctilien,C01409,N53,N53,3,82DC73,000000,r6434505
55,Noctilien,C01410,N71,N71,3,A0006E,FFFFFF,r6956211
55,Noctilien,C01411,N41,N41,3,FF82B4,000000,r6955407
55,Noctilien,C01412,N35,N35,3,FFBE00,000000,r1534903
55,Noctilien,C01413,N01,N01,3,A0006E,FFFFFF,r7011212
55,Noctilien,C01414,N02,N02,3,FF1400,FFFFFF,r7011211
55,Noctilien,C01415,N11,N11,3,FF5A00,FFFFFF,r1535460
55,Noctilien,C01416,N16,N16,3,D2D200,000000,r1535461
55,Noctilien,C01417,N15,N15,3,FFBE00,000000,r1537048
55,Noctilien,C01418,N14,N14,3,82DC73,000000,r1547967
55,Noctilien,C01419,N13,N13,3,FF82B4,000000,r1547966
55,Noctilien,C01420,N12,N12,3,DC9600,000000,r1547969
55,Noctilien,C01421,N122,N122,3,3C91DC,FFFFFF,r6956562
55,Noctilien,C01422,N153,N153,3,FF1400,FFFFFF,r6950503
55,Noctilien,C01633,N132,N132,3,008B5A,FFFFFF,r1535263
55,Noctilien,C01634,N130,N130,3,FF582A,FFFFFF,r1535270
55,Noctilien,C01635,N151,N151,3,CEC92A,000000,r6950504
55,Noctilien,C01636,N131,N131,3,FEDF53,000000,r6956787
55,Noctilien,C01637,N150,N150,3,ED1B2A,FFFFFF,r6958361
55,Noctilien,C01638,N140,N140,3,006CB8,FFFFFF,r6956998
55,Noctilien,C01640,N142,N142,3,C04192,FFFFFF,r6953807
55,Noctilien,C01641,N152,N152,3,ED1B2A,FFFFFF,r6958366
55,Noctilien,C01642,N134,N134,3,008B5A,FFFFFF,r1535269
55,Noctilien,C01643,N135,N135,3,008B5A,FFFFFF,r6949654
55,Noctilien,C01644,N143,N143,3,008B5A,FFFFFF,r6957009
55,Noctilien,C01645,N144,N144,3,008B5A,FFFFFF,r6957037
55,Noctilien,C01646,N145,N145,3,0AA896,FFFFFF,r6957057
55,Noctilien,C01647,N154,N154,3,FEDF53,000000,r6958414
55,Noctilien,C01648,N133,N133,3,FEDF53,000000,r6956807
55,Noctilien,C01807,N66,N66,3,FF1400,FFFFFF,r3713597
55,Noctilien,C02487,N138,N138,3,6FA8DC,FFFFFF,r14542381
55,Noctilien,C02526,N155,N155,3,662D91,FFFFFF,r15067492
55,Noctilien,C02594,N137,N137,3,AAAAAA,000000,
56,Orgebus,C01495,2271,2271,3,FF0000,000000,r8736260
56,Orgebus,C01496,2276,2276,3,BF19FF,FFFFFF,r8737307
56,Orgebus,C01497,2274,2274,3,FBCC9A,000000,
56,Orgebus,C01498,2273,2273,3,4CFF00,000000,r9197758
56,Orgebus,C01950,2272,2272,3,0076BF,FFFFFF,r8737442
1060,Paris Saclay,C00046,60,60,3,3BB2FF,000000,r7912028
1060,Paris Saclay,C00067,2,2,3,FECA3F,000000,r5694051
1060,Paris Saclay,C00068,3,3,3,50B586,FFFFFF,r7413474
1060,Paris Saclay,C00069,4,4,3,E78C29,000000,r7668788
1060,Paris Saclay,C00070,5,5,3,0087C8,FFFFFF,r7918097
1060,Paris Saclay,C00072,7,7,3,FACC00,000000,r2337724
1060,Paris Saclay,C00073,8,8,3,E7A3BF,000000,r5673870
1060,Paris Saclay,C00074,1,1,3,CF2939,FFFFFF,r2415100
1060,Paris Saclay,C00075,14,14,3,54AEE3,000000,r2440114
1060,Paris Saclay,C00078,16,16,3,E78C2A,000000,r7707602
1060,Paris Saclay,C00079,19,19,3,E78C2A,000000,r7921008
1060,Paris Saclay,C00093,114,114,3,19FF99,000000,r8172061
1060,Paris Saclay,C00490,10,10,3,F0BCD4,000000,r2390087
1060,Paris Saclay,C00495,11,11,3,009A7A,FFFFFF,r7704305
1060,Paris Saclay,C00672,DM10A,DM10A,3,99D4DF,000000,r7813672
1060,Paris Saclay,C00674,DM11G,DM11G,3,0065AE,FFFFFF,r8412527
1060,Paris Saclay,C00675,DM11A,DM11A,3,F19043,000000,r8412526
1060,Paris Saclay,C00676,DM12,DM12,3,0065AE,FFFFFF,r4635341
1060,Paris Saclay,C00680,17,17,3,5292C9,FFFFFF,r7835489
1060,Paris Saclay,C00687,DM11C,DM11C,3,FFCE00,000000,r6860541
1060,Paris Saclay,C01561,9,9,3,D7437E,FFFFFF,r7292418
1060,Paris Saclay,C01566,91-05,EXPRESS 91-05,3,3BB2FF,000000,r6940421
1060,Paris Saclay,C01567,91-06,EXPRESS 91-06,3,3BB2FF,000000,r8413209
1060,Paris Saclay,C01569,91-08,EXPRESS 91-08,3,3BB2FF,000000,r6985621
1060,Paris Saclay,C01697,21,21,3,8C4B25,FFFFFF,r7724675
1060,Paris Saclay,C01698,22,22,3,B6D061,000000,r5694438
1060,Paris Saclay,C01699,23,23,3,8A5D99,FFFFFF,r7724674
1060,Paris Saclay,C01711,DM11E,DM11E,3,D6C900,FFFFFF,r7840989
1060,Paris Saclay,C01766,116,116,3,FF6600,FFFFFF,r8553608
1060,Paris Saclay,C02155,15,15,3,253B82,FFFFFF,r3186411
1060,Paris Saclay,C02355,18,18,3,CFC83B,000000,r7921007
1060,Paris Saclay,C02493,TàD,TàD Courtaboeuf,3,FECB00,000000,
885,Paris-Saclay Mobilités,C01830,A,A,3,EE7D00,FFFFFF,r8444974
885,Paris-Saclay Mobilités,C01831,B,B,3,E50051,FFFFFF,r8444973
885,Paris-Saclay Mobilités,C01832,C,C,3,951B81,FFFFFF,r8444972
885,Paris-Saclay Mobilités,C01836,G,G,3,B51F1F,FFFFFF,r9229426
885,Paris-Saclay Mobilités,C01837,J,J,3,F4C000,000000,r7734583
885,Paris-Saclay Mobilités,C01902,F,F,3,77623A,FFFFFF,
885,Paris-Saclay Mobilités,C01903,H,H,3,253B82,FFFFFF,
885,Paris-Saclay Mobilités,C01904,L,L,3,A74FFF,FFFFFF,
885,Paris-Saclay Mobilités,C02423,M,M,3,80FF00,000000,
885,Paris-Saclay Mobilités,C02424,N,N,3,00A1E6,000000,
885,Paris-Saclay Mobilités,C02425,O,O,3,FF6600,000000,
885,Paris-Saclay Mobilités,C02439,K,K,3,41A776,FFFFFF,
885,Paris-Saclay Mobilités,C02440,P,P,3,2DA445,FFFFFF,
885,Paris-Saclay Mobilités,C02497,E,E,3,8BC63F,FFFFFF,
885,Paris-Saclay Mobilités,C02498,Y,Y,3,ED165A,FFFFFF,
885,Paris-Saclay Mobilités,C02499,Z,Z,3,F3BE27,FFFFFF,
885,Paris-Saclay Mobilités,C02500,T,T,3,ED2553,FFFFFF,
885,Paris-Saclay Mobilités,C02501,U,U,3,0E8344,FFFFFF,
885,Paris-Saclay Mobilités,C02502,V,V,3,646AB1,FFFFFF,
885,Paris-Saclay Mobilités,C02511,Q,Q,3,A3B1E4,FFFFFF,
59,Parisis,C00437,30-05,30-05,3,1A171B,FFFFFF,r8187525
59,Parisis,C00442,30-09,30-09,3,FFE535,000000,r9196805
59,Parisis,C00443,30-10,30-10,3,00AAD1,000000,r9223264
59,Parisis,C00445,30-12,30-12,3,0075AA,000000,r7920978
59,Parisis,C00448,30-18,30-18,3,F08B27,000000,r9223283
59,Parisis,C01709,30-47,30-47,3,E20025,FFFFFF,r9234799
59,Parisis,C01875,30-48,30-48,3,46B293,FFFFFF,r9233984
59,Parisis,C01876,30-46,30-46,3,0065AE,FFFFFF,
59,Parisis,C01878,30-07,30-07,3,A6483A,FFFFFF,r9196816
59,Parisis,C02006,30-49,30-49,3,2A368A,FFFFFF,r8379777
59,Parisis,C02049,30-21Oues,30-21 Ouest,3,EF844E,FFFFFF,r8086899
59,Parisis,C02389,30-21Est,30-21 Est,3,EF844E,FFFFFF,r8727859
1070,Pays Briard,C00009,3,3,3,662583,FFFFFF,
1070,Pays Briard,C00012,7,7,3,81C491,000000,
1070,Pays Briard,C00014,10,10,3,FECE00,000000,
1070,Pays Briard,C00015,11,11,3,018150,FFFFFF,r9200493
1070,Pays Briard,C00016,14,14,3,F28E42,000000,
1070,Pays Briard,C00017,18,18,3,0064B0,FFFFFF,r6957343
1070,Pays Briard,C00018,21,21,3,E3051C,FFFFFF,
1070,Pays Briard,C00021,201,201,3,81C391,000000,r9218053
1070,Pays Briard,C00024,209,209,3,D4CA00,000000,
1070,Pays Briard,C00025,309,309,3,97D4E2,000000,
1070,Pays Briard,C00026,409,409,3,FECE00,000000,
1070,Pays Briard,C00027,EX16,EX16 Ozoir,3,3BB2FF,000000,r9136495
1070,Pays Briard,C00546,7,7,3,5191CE,FFFFFF,r8370396
1070,Pays Briard,C00550,21,21,3,09A78E,FFFFFF,r7841677
1070,Pays Briard,C00551,23,23,3,F28F42,000000,r3315927
1070,Pays Briard,C00803,6,6,3,E3B229,000000,
1070,Pays Briard,C01044,20,20,3,96D4E1,000000,r8453568
1070,Pays Briard,C01045,24,24,3,F28F42,000000,r8452809
1070,Pays Briard,C01053,33,33,3,F3A4BA,000000,
1070,Pays Briard,C02087,34A,34A,3,E3B229,000000,r8455190
1070,Pays Briard,C02107,37A,37A,3,F3A4BA,000000,r8455445
1070,Pays Briard,C02121,30A,30A,3,B90745,FFFFFF,
1070,Pays Briard,C02122,30C,30C,3,F3A4BA,000000,
1070,Pays Briard,C02124,10,10,3,E3051C,FFFFFF,r6520401
1070,Pays Briard,C02311,200,200,3,F3A4BA,000000,
1070,Pays Briard,C02522,Soir,Soirée Tournan-Gretz,3,652C8F,FFFFFF,
1070,Pays Briard,C02523,Soir,Soirée Ozoir-la-Ferrière,3,652C8F,FFFFFF,
65,Phébus,C00692,1,1,3,FF1400,FFFFFF,r9786581
65,Phébus,C00693,2,2,3,0055C8,FFFFFF,r9786572
65,Phébus,C00694,3,3,3,00643C,FFFFFF,r8131176
65,Phébus,C00695,4,4,3,FF8C57,000000,r8088174
65,Phébus,C00696,5,5,3,DB8CFF,FFFFFF,r9786573
65,Phébus,C00697,6,6,3,8CE39C,FFFFFF,r9786575
65,Phébus,C00698,7,7,3,A38C57,FFFFFF,r9786580
65,Phébus,C00699,8,8,3,8CFF8C,000000,r9251856
65,Phébus,C00700,9,9,3,FF8CE3,000000,r9786579
65,Phébus,C00701,10,10,3,FFBE00,000000,r9786577
65,Phébus,C02183,53,53,3,A88CFF,FFFFFF,r6839342
65,Phébus,C02184,54,54,3,FF8CE3,000000,
65,Phébus,C02219,52,52,3,8CFF8C,000000,r6839321
65,Phébus,C02286,14,14,3,8CC7FF,FFFFFF,r8364726
175,Plaine de Versailles,C00113,17,17,3,F3A489,FFFFFF,r8054732
175,Plaine de Versailles,C00276,23,23,3,AC8FAB,FFFFFF,r9187618
175,Plaine de Versailles,C02076,76,76,3,FDC300,FFFFFF,r9185838
175,Plaine de Versailles,C02313,1,1,3,CFE2F3,000000,
175,Plaine de Versailles,C02446,17S,17S,3,F3A489,FFFFFF,r8054731
175,Plaine de Versailles,C02481,2,2,3,FFFF00,000000,
1051,Poissy - Les Mureaux,C00106,21,21,3,E0B03B,000000,r15999767
1051,Poissy - Les Mureaux,C00111,11,11,3,CEF12B,000000,
1051,Poissy - Les Mureaux,C00114,X419,X419,3,3BB2FF,000000,r8431360
1051,Poissy - Les Mureaux,C00116,33,33,3,008C5A,FFFFFF,r15830816
1051,Poissy - Les Mureaux,C00117,26,26,3,006DB8,FFFFFF,r15867783
1051,Poissy - Les Mureaux,C00267,31,31,3,E0B03B,000000,r15750639
1051,Poissy - Les Mureaux,C00270,40,40,3,78C696,000000,r15750630
1051,Poissy - Les Mureaux,C00271,91,91,3,FFCD03,000000,r15823332
1051,Poissy - Les Mureaux,C00272,20,20,3,FFCD03,000000,r15750632
1051,Poissy - Les Mureaux,C00273,X409,X409,3,3BB2FF,000000,r9233950
1051,Poissy - Les Mureaux,C00274,12,12,3,F59EB3,000000,r15823338
1051,Poissy - Les Mureaux,C00280,32,32,3,662D91,FFFFFF,r15823334
1051,Poissy - Les Mureaux,C00281,3,3,3,8E6539,FFFFFF,r15750631
1051,Poissy - Les Mureaux,C00281,3,3,3,8E6539,FFFFFF,r15750637
1051,Poissy - Les Mureaux,C00285,24,24,3,CEC92B,000000,r15823333
1051,Poissy - Les Mureaux,C00286,10,10,3,BB4B9B,FFFFFF,r15756113
1051,Poissy - Les Mureaux,C00640,42,42,3,87D3DF,000000,r15822073
1051,Poissy - Les Mureaux,C00641,27,27,3,C5A3CD,000000,r15754458
1051,Poissy - Les Mureaux,C00642,28,28,3,F78F4B,000000,r15754459
1051,Poissy - Les Mureaux,C00644,43,43,3,FFCD03,000000,r15870939
1051,Poissy - Les Mureaux,C00649,17,17,3,006DB8,FFFFFF,r15767694
1051,Poissy - Les Mureaux,C00651,18,18,3,BB4B9B,FFFFFF,
1051,Poissy - Les Mureaux,C00653,44,44,3,C5A3CD,000000,r15667795
1051,Poissy - Les Mureaux,C00654,41,41,3,ED1C2A,FFFFFF,r15756112
1051,Poissy - Les Mureaux,C01773,34,34,3,C5A3CD,000000,r15823337
1051,Poissy - Les Mureaux,C01784,4,4,3,B80C4B,FFFFFF,r15751921
1051,Poissy - Les Mureaux,C01937,30,30,3,00B397,FFFFFF,r15750635
1051,Poissy - Les Mureaux,C02441,23,23,3,F59EB3,000000,
1051,Poissy - Les Mureaux,C02536,95,95,3,87D3DF,000000,
1051,Poissy - Les Mureaux,C02537,15,15,3,78C696,000000,r15851343
1051,Poissy - Les Mureaux,C02539,16,16,3,4D90CD,FFFFFF,r15767671
1051,Poissy - Les Mureaux,C02540,19,19,3,F78F4B,000000,r15750671
1051,Poissy - Les Mureaux,C02541,25,25,3,00B397,FFFFFF,r15864519
1051,Poissy - Les Mureaux,C02542,29,29,3,008C5A,FFFFFF,r15750633
1051,Poissy - Les Mureaux,C02543,90,90,3,ED1C2A,FFFFFF,r15840284
1051,Poissy - Les Mureaux,C02544,92,92,3,9B993B,FFFFFF,r15870940
1051,Poissy - Les Mureaux,C02545,94,94,3,8E6539,FFFFFF,r15884426
1051,Poissy - Les Mureaux,C02565,1,1,3,ED1C2A,FFFFFF,r15750629
1051,Poissy - Les Mureaux,C02566,2,2,3,F78F4B,000000,r15750638
1051,Poissy - Les Mureaux,C02567,5,5,3,9B993B,FFFFFF,r15750636
1051,Poissy - Les Mureaux,C02568,6,6,3,C5A3CD,000000,r15751922
1051,Poissy - Les Mureaux,C02569,7,7,3,662D91,FFFFFF,r15751920
1051,Poissy - Les Mureaux,C02570,13,13,3,9B993B,FFFFFF,r15767670
1051,Poissy - Les Mureaux,C02571,14,14,3,78C696,000000,r15851342
1051,Poissy - Les Mureaux,C02589,Soir,Soirée Poissy - Carrières-sous-Poissy - Verneuil-sur-Seine - Les Mureaux,3,652C8F,FFFFFF,r15874109
Operator_228,ProCars,C01501,1-1,1-1,3,006EB6,FFFFFF,
Operator_228,ProCars,C01502,3,3,3,EF83B3,000000,
Operator_228,ProCars,C01503,5,5,3,109539,FFFFFF,
Operator_228,ProCars,C01504,6-1,6-1,3,70746F,FFFFFF,
Operator_228,ProCars,C01506,8,8,3,DE3D6B,FFFFFF,
Operator_228,ProCars,C01507,11,11,3,48B274,000000,
Operator_228,ProCars,C01508,12,12,3,BE91C1,000000,
Operator_228,ProCars,C01509,13,13,3,283C82,FFFFFF,r15618998
Operator_228,ProCars,C01510,14,14,3,F8C335,000000,r10048360
Operator_228,ProCars,C01516,9A,PROBUS A,3,76A56D,000000,r7176897
Operator_228,ProCars,C01517,9B,PROBUS B,3,B5CCB1,000000,r7177053
Operator_228,ProCars,C01518,9C,PROBUS C,3,7F9B79,000000,r8444694
Operator_228,ProCars,C01519,9D,PROBUS D,3,3A6C2C,FFFFFF,r7177088
Operator_228,ProCars,C01520,9E,PROBUS E,3,349436,FFFFFF,r7177156
Operator_228,ProCars,C01722,2,2,3,285697,FFFFFF,
Operator_228,ProCars,C01724,10,10,3,DC3235,FFFFFF,
Operator_228,ProCars,C01725,17,17,3,769FC6,FFFFFF,
Operator_228,ProCars,C02294,51,NANGIBUS,3,949494,FFFFFF,r8378094
Operator_228,ProCars,C02295,TàD,TàD 52,3,FECB00,000000,
Operator_100,RATP,C01071,TVM,TVM,3,216EB4,FFFFFF,r6860704
Operator_100,RATP,C01072,20,20,3,FF5A00,000000,r1066572
Operator_100,RATP,C01073,21,21,3,82DC73,000000,r1083426
Operator_100,RATP,C01074,22,22,3,00643C,FFFFFF,r1254461
Operator_100,RATP,C01075,24,24,3,A0006E,FFFFFF,r1083425
Operator_100,RATP,C01076,26,26,3,FF5A00,000000,r1083423
Operator_100,RATP,C01077,27,27,3,FF5A00,000000,r1083433
Operator_100,RATP,C01078,28,28,3,FF82B4,000000,r1066842
Operator_100,RATP,C01079,29,29,3,82C8E6,000000,r1255733
Operator_100,RATP,C01080,30,30,3,640082,FFFFFF,r1255732
Operator_100,RATP,C01081,31,31,3,FFBE00,000000,r1255734
Operator_100,RATP,C01082,32,32,3,6E6E00,FFFFFF,r1083424
Operator_100,RATP,C01083,38,38,3,0055C8,FFFFFF,r1057488
Operator_100,RATP,C01084,39,39,3,A0006E,FFFFFF,r1057577
Operator_100,RATP,C01085,42,42,3,FFBE00,000000,r1057570
Operator_100,RATP,C01086,43,43,3,FF1400,FFFFFF,r1057567
Operator_100,RATP,C01087,46,46,3,D2D200,000000,r1057566
Operator_100,RATP,C01088,47,47,3,FF82B4,000000,r1057573
Operator_100,RATP,C01089,48,48,3,0055C8,FFFFFF,r1083432
Operator_100,RATP,C01090,52,52,3,82C8E6,000000,r1083435
Operator_100,RATP,C01092,54,54,3,82C8E6,000000,r1257186
Operator_100,RATP,C01093,56,56,3,A0006E,FFFFFF,r1066573
Operator_100,RATP,C01094,57,57,3,6E6E00,FFFFFF,r1257187
Operator_100,RATP,C01095,58,58,3,00643C,FFFFFF,r1083420
Operator_100,RATP,C01096,60,60,3,FF1400,FFFFFF,r1257122
Operator_100,RATP,C01097,61,61,3,00643C,FFFFFF,r255442
Operator_100,RATP,C01098,62,62,3,6E5B1E,FFFFFF,r1257125
Operator_100,RATP,C01099,63,63,3,D2D200,000000,r1257123
Operator_100,RATP,C01100,64,64,3,82DC73,000000,r1257124
Operator_100,RATP,C01102,66,66,3,00643C,FFFFFF,r1254003
Operator_100,RATP,C01103,67,67,3,FF82B4,000000,r1066570
Operator_100,RATP,C01104,68,68,3,FFBE00,000000,r1083430
Operator_100,RATP,C01105,69,69,3,82C8E6,000000,r1254002
Operator_100,RATP,C01106,70,70,3,FF5A00,000000,r1086590
Operator_100,RATP,C01107,72,72,3,FF1400,FFFFFF,r1086445
Operator_100,RATP,C01108,73,73,3,6E5B1E,FFFFFF,r1086444
Operator_100,RATP,C01109,74,74,3,D2D200,000000,r937390
Operator_100,RATP,C01110,75,75,3,FFBE00,000000,r1066571
Operator_100,RATP,C01111,76,76,3,640082,FFFFFF,r1251039
Operator_100,RATP,C01112,80,80,3,FF82B4,000000,r1083422
Operator_100,RATP,C01114,82,82,3,FF5A00,000000,r1083431
Operator_100,RATP,C01115,83,83,3,FFBE00,000000,r1083421
Operator_100,RATP,C01116,84,84,3,D282BE,000000,r1083427
Operator_100,RATP,C01117,85,85,3,6E5B1E,FFFFFF,r952830
Operator_100,RATP,C01118,86,86,3,FF1400,FFFFFF,r387064
Operator_100,RATP,C01119,87,87,3,640082,FFFFFF,r1083428
Operator_100,RATP,C01120,88,88,3,D2D200,000000,r1245875
Operator_100,RATP,C01121,89,89,3,82C8E6,000000,r1083434
Operator_100,RATP,C01122,91,91,3,DC9600,000000,r1083436
Operator_100,RATP,C01123,92,92,3,FFBE00,000000,r1083429
Operator_100,RATP,C01124,93,93,3,82DC73,000000,r1083419
Operator_100,RATP,C01125,94,94,3,A0006E,FFFFFF,r1085979
Operator_100,RATP,C01126,95,95,3,640082,FFFFFF,r1246520
Operator_100,RATP,C01127,96,96,3,DC9600,000000,r226276
Operator_100,RATP,C01130,101,101,3,FFBE00,000000,r2214230
Operator_100,RATP,C01131,102,102,3,FFBE00,000000,r3047801
Operator_100,RATP,C01132,103,103,3,FF5A00,000000,r4610190
Operator_100,RATP,C01133,104,104,3,FF1400,FFFFFF,r3686355
Operator_100,RATP,C01134,105,105,3,FF5A00,000000,r7444602
Operator_100,RATP,C01135,106,106,3,FF1400,FFFFFF,r1102964
Operator_100,RATP,C01136,107,107,3,FF82B4,000000,r1540147
Operator_100,RATP,C01137,108,108,3,FF82B4,000000,r5953399
Operator_100,RATP,C01138,109,109,3,D2D200,000000,r5964015
Operator_100,RATP,C01139,110,110,3,640082,FFFFFF,r1307393
Operator_100,RATP,C01140,111,111,3,D282BE,000000,r1520619
Operator_100,RATP,C01141,112,112,3,FF5A00,000000,r1520618
Operator_100,RATP,C01142,113,113,3,FF1400,FFFFFF,r2224968
Operator_100,RATP,C01143,114,114,3,82DC73,000000,r1555940
Operator_100,RATP,C01144,115,115,3,00643C,FFFFFF,r225801
Operator_100,RATP,C01145,116,116,3,82C8E6,000000,r1580970
Operator_100,RATP,C01146,117,117,3,00643C,FFFFFF,r1578451
Operator_100,RATP,C01147,118,118,3,DC9600,000000,r1555879
Operator_100,RATP,C01148,119,119,3,FFBE00,000000,r5865473
Operator_100,RATP,C01149,120,120,3,D282BE,000000,r1321223
Operator_100,RATP,C01150,121,121,3,FF1400,FFFFFF,r2217686
Operator_100,RATP,C01151,122,122,3,D282BE,000000,r1621799
Operator_100,RATP,C01152,123,123,3,00643C,FFFFFF,r1782907
Operator_100,RATP,C01153,124,124,3,FF82B4,000000,r1555880
Operator_100,RATP,C01154,125,125,3,0055C8,FFFFFF,r1973045
Operator_100,RATP,C01155,126,126,3,82C8E6,000000,r2981756
Operator_100,RATP,C01156,127,127,3,FF5A00,000000,r1549913
Operator_100,RATP,C01157,128,128,3,6E5B1E,FFFFFF,r6954593
Operator_100,RATP,C01158,129,129,3,6E6E00,FFFFFF,r1857145
Operator_100,RATP,C01159,131,131,3,6E5B1E,FFFFFF,r3334641
Operator_100,RATP,C01160,132,132,3,640082,FFFFFF,r5852775
Operator_100,RATP,C01161,133,133,3,82DC73,000000,r4772628
Operator_100,RATP,C01163,137,137,3,FF5A00,000000,r949583
Operator_100,RATP,C01164,138,138,3,A0006E,FFFFFF,r1104709
Operator_100,RATP,C01165,139,139,3,FF5A00,000000,r954976
Operator_100,RATP,C01166,140,140,3,FF1400,FFFFFF,r5953338
Operator_100,RATP,C01167,141,141,3,DC9600,000000,r5899969
Operator_100,RATP,C01168,143,143,3,0055C8,FFFFFF,r4779679
Operator_100,RATP,C01169,144,144,3,D282BE,000000,r968720
Operator_100,RATP,C01170,145,145,3,A0006E,FFFFFF,r2213976
Operator_100,RATP,C01171,146,146,3,D282BE,000000,r2171714
Operator_100,RATP,C01172,147,147,3,FF1400,FFFFFF,r332709
Operator_100,RATP,C01173,148,148,3,6E5B1E,FFFFFF,r2207006
Operator_100,RATP,C01174,150,150,3,FF82B4,000000,r3045662
Operator_100,RATP,C01175,151,151,3,A0006E,FFFFFF,r3318735
Operator_100,RATP,C01176,152,152,3,FF1400,FFFFFF,r7920985
Operator_100,RATP,C01177,153,153,3,00643C,FFFFFF,r3997212
Operator_100,RATP,C01180,157,157,3,A0006E,FFFFFF,r611648
Operator_100,RATP,C01181,158,158,3,FF5A00,000000,r3546204
Operator_100,RATP,C01182,159,159,3,640082,FFFFFF,r3695203
Operator_100,RATP,C01183,160,160,3,00643C,FFFFFF,r901462
Operator_100,RATP,C01184,162,162,3,0055C8,FFFFFF,r1991746
Operator_100,RATP,C01185,163,163,3,DC9600,000000,r5899903
Operator_100,RATP,C01186,164,164,3,A0006E,FFFFFF,r2647712
Operator_100,RATP,C01187,165,165,3,FF5A00,000000,r2647711
Operator_100,RATP,C01188,166,166,3,640082,FFFFFF,r952693
Operator_100,RATP,C01189,167,167,3,82DC73,000000,r6010966
Operator_100,RATP,C01190,169,169,3,82DC73,000000,r6010927
Operator_100,RATP,C01191,170,170,3,82C8E6,000000,r225665
Operator_100,RATP,C01192,171,171,3,FF1400,FFFFFF,r5569622
Operator_100,RATP,C01193,172,172,3,00643C,FFFFFF,r5963159
Operator_100,RATP,C01194,173,173,3,0055C8,FFFFFF,r1553162
Operator_100,RATP,C01195,174,174,3,00643C,FFFFFF,r937383
Operator_100,RATP,C01196,175,175,3,0055C8,FFFFFF,r1574080
Operator_100,RATP,C01197,176,176,3,DC9600,000000,r5900554
Operator_100,RATP,C01198,177,177,3,82DC73,000000,r949582
Operator_100,RATP,C01199,178,178,3,0055C8,FFFFFF,r949585
Operator_100,RATP,C01200,179,179,3,00643C,FFFFFF,r2654565
Operator_100,RATP,C01201,180,180,3,6E6E00,FFFFFF,r5955532
Operator_100,RATP,C01202,181,181,3,6E5B1E,FFFFFF,r1802059
Operator_100,RATP,C01203,182,182,3,A0006E,FFFFFF,r6049045
Operator_100,RATP,C01204,183,183,3,FF1400,FFFFFF,r5426450
Operator_100,RATP,C01205,184,184,3,DC9600,000000,r1259529
Operator_100,RATP,C01206,185,185,3,FF5A00,000000,r3008945
Operator_100,RATP,C01207,186,186,3,A0006E,FFFFFF,r2972968
Operator_100,RATP,C01208,187,187,3,640082,FFFFFF,r1259087
Operator_100,RATP,C01209,188,188,3,D282BE,000000,r5256555
Operator_100,RATP,C01210,189,189,3,FF5A00,000000,r5954679
Operator_100,RATP,C01211,190,190,3,6E5B1E,FFFFFF,r2532567
Operator_100,RATP,C01212,191,191,3,FF82B4,000000,r5757909
Operator_100,RATP,C01213,192,192,3,82DC73,000000,r7753791
Operator_100,RATP,C01214,194,194,3,FF5A00,000000,r4289192
Operator_100,RATP,C01215,195,195,3,A0006E,FFFFFF,r5954722
Operator_100,RATP,C01216,196,196,3,DC9600,000000,r5865410
Operator_100,RATP,C01217,197,197,3,FF1400,FFFFFF,r7537818
Operator_100,RATP,C01218,199,199,3,D2D200,000000,r7423790
Operator_100,RATP,C01219,201,201,3,6E5B1E,FFFFFF,r7920982
Operator_100,RATP,C01220,203,203,3,FF82B4,000000,r3079254
Operator_100,RATP,C01221,206,206,3,6E5B1E,FFFFFF,r1308545
Operator_100,RATP,C01222,207,207,3,DC9600,000000,r1308546
Operator_100,RATP,C01223,208A,208A,3,A0006E,FFFFFF,r6795575
Operator_100,RATP,C01224,210,210,3,FFBE00,000000,r1306437
Operator_100,RATP,C01225,211,211,3,FF82B4,000000,r15644002
Operator_100,RATP,C01226,212,212,3,82C8E6,000000,r3906360
Operator_100,RATP,C01227,213,213,3,6E6E00,FFFFFF,r3906369
Operator_100,RATP,C01228,214,214,3,D282BE,000000,r3336398
Operator_100,RATP,C01229,215,215,3,82DC73,000000,r7474293
Operator_100,RATP,C01230,216,216,3,FF0000,000000,r6860557
Operator_100,RATP,C01231,217,217,3,640082,FFFFFF,r5415945
Operator_100,RATP,C01232,220,220,3,A0006E,FFFFFF,r2675337
Operator_100,RATP,C01233,221,221,3,EA9999,000000,r3134153
Operator_100,RATP,C01234,234,234,3,FF5A00,000000,r7920983
Operator_100,RATP,C01235,235,235,3,FFBE00,000000,r7920514
Operator_100,RATP,C01236,237,237,3,D282BE,000000,r7447705
Operator_100,RATP,C01237,238,238,3,FF82B4,000000,r6827371
Operator_100,RATP,C01238,239,239,3,A0006E,FFFFFF,r7921053
Operator_100,RATP,C01239,241,241,3,6E5B1E,FFFFFF,r3307569
Operator_100,RATP,C01240,244,244,3,A0006E,FFFFFF,r1716268
Operator_100,RATP,C01241,249,249,3,D2D200,000000,r6608978
Operator_100,RATP,C01242,250,250,3,A0006E,FFFFFF,r7920986
Operator_100,RATP,C01243,251,251,3,FF1400,FFFFFF,r2206548
Operator_100,RATP,C01244,252,252,3,FF0000,000000,r7920987
Operator_100,RATP,C01245,253,253,3,FFBE00,000000,r7475032
Operator_100,RATP,C01246,255,255,3,6E6E00,FFFFFF,r5226660
Operator_100,RATP,C01247,256,256,3,6E5B1E,FFFFFF,r5426315
Operator_100,RATP,C01248,258,258,3,FF1400,FFFFFF,r1464810
Operator_100,RATP,C01249,261,261,3,FF1400,FFFFFF,r949584
Operator_100,RATP,C01250,262,262,3,A0006E,FFFFFF,r7798582
Operator_100,RATP,C01251,268,268,3,DC9600,000000,r7795190
Operator_100,RATP,C01252,269,269,3,FF5A00,000000,r7920990
Operator_100,RATP,C01253,270,270,3,FF82B4,000000,r7920989
Operator_100,RATP,C01254,272,272,3,FF5A00,000000,r1810272
Operator_100,RATP,C01255,274,274,3,FF1400,FFFFFF,r6929582
Operator_100,RATP,C01256,275,275,3,FFBE00,000000,r7427861
Operator_100,RATP,C01257,276,276,3,FF0000,000000,r7920994
Operator_100,RATP,C01258,278,278,3,D282BE,000000,r7920992
Operator_100,RATP,C01260,281,281,3,DC9600,000000,r1520530
Operator_100,RATP,C01261,ORLYBUS,ORLYBUS,3,3BB2FF,000000,r6915922
Operator_100,RATP,C01262,285,285,3,A0006E,FFFFFF,r557587
Operator_100,RATP,C01263,286,286,3,D282BE,000000,r2972887
Operator_100,RATP,C01264,289,289,3,A0006E,FFFFFF,r1987589
Operator_100,RATP,C01265,290,290,3,D282BE,000000,r2532600
Operator_100,RATP,C01266,291,291,3,BF9000,000000,r7921038
Operator_100,RATP,C01267,292,292,3,EA9999,000000,r7095936
Operator_100,RATP,C01268,294,294,3,D282BE,000000,r5954723
Operator_100,RATP,C01270,297,297,3,A0006E,FFFFFF,r7537834
Operator_100,RATP,C01271,299,299,3,E69138,000000,r7797759
Operator_100,RATP,C01272,301,301,3,D2D200,000000,r2206991
Operator_100,RATP,C01273,302,302,3,FFBE00,000000,r2989343
Operator_100,RATP,C01274,303,303,3,6E6E00,FFFFFF,r2171896
Operator_100,RATP,C01275,304,304,3,D2D200,000000,r7921054
Operator_100,RATP,C01276,306,306,3,0055C8,FFFFFF,r1299563
Operator_100,RATP,C01277,308,308,3,82DC73,000000,r1302117
Operator_100,RATP,C01278,310,310,3,D2D200,000000,r7479245
Operator_100,RATP,C01279,312,312,3,FF5A00,000000,r3908505
Operator_100,RATP,C01280,317,317,3,D2D200,000000,r2853923
Operator_100,RATP,C01281,318,318,3,0055C8,FFFFFF,r1555939
Operator_100,RATP,C01282,319,319,3,00643C,FFFFFF,r7423789
Operator_100,RATP,C01283,320,320,3,FFBE00,000000,r7470484
Operator_100,RATP,C01285,321,321,3,FFBE00,000000,r6355936
Operator_100,RATP,C01286,322,322,3,82C8E6,000000,r2207036
Operator_100,RATP,C01287,323,323,3,D2D200,000000,r1981724
Operator_100,RATP,C01288,325,325,3,82C8E6,000000,r1555878
Operator_100,RATP,C01289,330,330,3,FFBE00,000000,r7779421
Operator_100,RATP,C01292,340,340,3,DC9600,000000,r7783242
Operator_100,RATP,C01294,341,341,3,FFBE00,000000,r1553375
Operator_100,RATP,C01295,346,346,3,D2D200,000000,r2198226
Operator_100,RATP,C01298,350,350,3,9900FF,000000,r7466937
Operator_100,RATP,C01299,351,351,3,F1C232,000000,r1866830
Operator_100,RATP,C01300,ROISSYB,ROISSYBUS,3,3BB2FF,000000,r7074022
Operator_100,RATP,C01303,356,356,3,FF5A00,000000,r6006672
Operator_100,RATP,C01304,360,360,3,D2D200,000000,r6929704
Operator_100,RATP,C01305,361,361,3,0055C8,FFFFFF,r6835726
Operator_100,RATP,C01306,366,366,3,0055C8,FFFFFF,r7800304
Operator_100,RATP,C01307,367,367,3,FFBE00,000000,r611690
Operator_100,RATP,C01308,368,368,3,D2D200,000000,r7920991
Operator_100,RATP,C01309,370,370,3,82C8E6,000000,r7920988
Operator_100,RATP,C01310,372,372,3,FFBE00,000000,r7800445
Operator_100,RATP,C01311,378,378,3,00643C,FFFFFF,r611689
Operator_100,RATP,C01313,385,385,3,DC9600,000000,r7792140
Operator_100,RATP,C01314,388,388,3,FFBE00,000000,r5954724
Operator_100,RATP,C01315,389,389,3,0055C8,FFFFFF,r7261212
Operator_100,RATP,C01316,390,390,3,82C8E6,000000,r5969926
Operator_100,RATP,C01317,391,391,3,D2D200,000000,r5312582
Operator_100,RATP,C01318,393,393,3,82C8E6,000000,r5557347
Operator_100,RATP,C01319,394,394,3,640082,FFFFFF,r6645022
Operator_100,RATP,C01320,395,395,3,0055C8,FFFFFF,r7800857
Operator_100,RATP,C01321,396,396,3,D2D200,000000,r7843394
Operator_100,RATP,C01322,399,399,3,82C8E6,000000,r7423788
Operator_100,RATP,C01323,421,421,3,00643C,FFFFFF,r6594969
Operator_100,RATP,C01324,467,467,3,6E6E00,FFFFFF,r1709309
Operator_100,RATP,C01326,485,485,3,FF5A00,000000,r7801058
Operator_100,RATP,C01327,488,488,3,0055C8,FFFFFF,r7920999
Operator_100,RATP,C01328,492,492,3,FFBE00,000000,r7920979
Operator_100,RATP,C01329,CHARONNE,La Traverse de Charonne,3,216EB4,FFFFFF,r7921049
Operator_100,RATP,C01330,BIEVRES,La Traverse Bièvre Montsouris,3,BB4D98,FFFFFF,r7921052
Operator_100,RATP,C01331,TILLBUS,TILLBUS,3,C5A3CA,000000,r7920956
Operator_100,RATP,C01332,BATIGNO,La Traverse Batignolles-Bichat,3,67328E,FFFFFF,r5662181
Operator_100,RATP,C01333,NEY-FLA,La Traverse Ney - Flandre,3,C5A3CA,000000,r7921027
Operator_100,RATP,C01334,520,520,3,00643C,FFFFFF,r3048889
Operator_100,RATP,C01335,NAVETTE,LA NAVETTE,3,67328E,FFFFFF,r6660662
Operator_100,RATP,C01337,AUDONIE,L'AUDONIENNE,3,DF9AB1,000000,r7921028
Operator_100,RATP,C01338,EOLIEN,EOLIEN,3,82DC73,000000,r7803053
Operator_100,RATP,C01340,AS,AS AUTOBUS SURESNOIS,3,216EB4,FFFFFF,r6682682
Operator_100,RATP,C01341,545,545,3,FFBE00,000000,r7803143
Operator_100,RATP,C01342,TUB,TRANSPORT URBAIN BONDYNOIS,3,8E6538,FFFFFF,r7803998
Operator_100,RATP,C01345,559A,559A,3,FFBE00,000000,r8130795
Operator_100,RATP,C01347,V4,V4,3,67328E,FFFFFF,r7975668
Operator_100,RATP,C01349,564,564,3,0055C8,FFFFFF,r7920954
Operator_100,RATP,C01350,565,565,3,00643C,FFFFFF,r7921035
Operator_100,RATP,C01351,566,566,3,DE8B53,000000,r7799660
Operator_100,RATP,C01352,TIM,TIM,3,89C7D6,000000,r7921040
Operator_100,RATP,C01353,SUBB,SUBB,3,8E6538,FFFFFF,r1758295
Operator_100,RATP,C01354,TUC,TUC,3,F4C931,000000,r7804907
Operator_100,RATP,C01356,RIVER,RIVER PLAZA,3,DE8B53,000000,r7804913
Operator_100,RATP,C01359,V3,V3,3,CDC83F,000000,r7011233
Operator_100,RATP,C01360,CHOISYBUS,CHOISYBUS,3,DFB039,000000,r7136184
Operator_100,RATP,C01361,V2,V2,3,DF9AB1,000000,r7573289
Operator_100,RATP,C01362,V5,V5,3,328E5B,FFFFFF,r7901303
Operator_100,RATP,C01363,V7,V7,3,D35E3C,FFFFFF,r7011232
Operator_100,RATP,C01365,TUVIM,TUVIM,3,FF1400,FFFFFF,r3389342
Operator_100,RATP,C01367,V6,V6,3,79BB92,000000,r7011231
Operator_100,RATP,C01369,595,595,3,0055C8,FFFFFF,r7804946
Operator_100,RATP,C01371,1,1,1,FFBE00,000000,r3328695
Operator_100,RATP,C01372,2,2,1,0055C8,FFFFFF,r7227705
Operator_100,RATP,C01373,3,3,1,6E6E00,FFFFFF,r7733214
Operator_100,RATP,C01374,4,4,1,A0006E,FFFFFF,r3326845
Operator_100,RATP,C01375,5,5,1,FF7E2E,000000,r7420645
Operator_100,RATP,C01376,6,6,1,6ECA97,000000,r3328765
Operator_100,RATP,C01377,7,7,1,FA9ABA,000000,r3328805
Operator_100,RATP,C01378,8,8,1,D282BE,000000,r7420644
Operator_100,RATP,C01379,9,9,1,B6BD00,000000,r3328717
Operator_100,RATP,C01380,10,10,1,C9910D,000000,r3328741
Operator_100,RATP,C01381,11,11,1,704B1C,FFFFFF,r7420643
Operator_100,RATP,C01382,12,12,1,007852,FFFFFF,r7420642
Operator_100,RATP,C01383,13,13,1,6EC4E8,000000,r7420641
Operator_100,RATP,C01384,14,14,1,62259D,FFFFFF,r3328694
Operator_100,RATP,C01385,FUN,FUNICULAIRE,7,AFAFAF,000000,r6928970
Operator_100,RATP,C01386,3B,3B,1,6EC4E8,000000,r7420646
Operator_100,RATP,C01387,7B,7B,1,6ECA97,000000,r2554103
Operator_100,RATP,C01388,ORLYVAL,ORLYVAL,0,5EC5ED,FFFFFF,r6928902
Operator_100,RATP,C01389,T1,T1,0,003CA6,FFFFFF,r2572573
Operator_100,RATP,C01390,T2,T2,0,CF009E,FFFFFF,r1635139
Operator_100,RATP,C01391,T3a,T3a,0,FF7E2E,000000,r6907402
Operator_100,RATP,C01481,426,426,3,6E5B1E,FFFFFF,r7784991
Operator_100,RATP,C01485,459,459,3,FF1400,FFFFFF,r7921034
Operator_100,RATP,C01488,471,471,3,0055C8,FFFFFF,r3567517
Operator_100,RATP,C01679,T3b,T3b,0,00AE41,FFFFFF,r3662457
Operator_100,RATP,C01680,35,35,3,82DC73,000000,r2644951
Operator_100,RATP,C01684,T5,T5,0,62259D,FFFFFF,r6910410
Operator_100,RATP,C01695,247,247,3,FF5A00,000000,r7920984
Operator_100,RATP,C01696,248,248,3,D282BE,000000,r7634948
Operator_100,RATP,C01710,487,487,3,FFBE00,000000,r6706981
Operator_100,RATP,C01756,337,337,3,640082,FFFFFF,r7802464
Operator_100,RATP,C01774,T7,T7,0,704B1C,FFFFFF,r6910465
Operator_100,RATP,C01780,THIAIS,La Navette de Thiais,3,3C91DC,FFFFFF,r5852751
Operator_100,RATP,C01794,T6,T6,0,E2231A,FFFFFF,r6910437
Operator_100,RATP,C01795,T8,T8,0,837902,000000,r4007734
Operator_100,RATP,C01808,254,254,3,82DC73,000000,r7781376
Operator_100,RATP,C01809,380,380,3,82DC73,000000,r6048347
Operator_100,RATP,C01818,208B,208B,3,A0006E,FFFFFF,r6795574
Operator_100,RATP,C01819,208S,208S,3,A0006E,FFFFFF,r7244792
Operator_100,RATP,C01821,486,486,3,00643C,FFFFFF,r7095879
Operator_100,RATP,C01839,PORT,Le Bus du port,3,9A9940,000000,r7802906
Operator_100,RATP,C01900,P'TIT BUS,Le P'tit Bus du Pré,3,D20D44,FFFFFF,r8728677
Operator_100,RATP,C02000,259,259,3,3C91DC,FFFFFF,r6552159
Operator_100,RATP,C02007,168,168,3,82C8E6,000000,r7920960
Operator_100,RATP,C02008,353,353,3,D2D200,000000,r7920959
Operator_100,RATP,C02027,260,260,3,FFBE00,000000,r7791161
Operator_100,RATP,C02080,559B,559B,3,D282BE,000000,r8130793
Operator_100,RATP,C02081,559C,559C,3,FF5A00,000000,r8130794
Operator_100,RATP,C02082,559D,559D,3,6E6E00,FFFFFF,r8130796
Operator_100,RATP,C02205,PC,PC,3,0055C8,FFFFFF,r1257210
Operator_100,RATP,C02243,25,25,3,FF1400,FFFFFF,r9340396
Operator_100,RATP,C02244,45,45,3,FF82B4,000000,r9352984
Operator_100,RATP,C02245,59,59,3,DC9600,000000,r9353394
Operator_100,RATP,C02246,71,71,3,6E5B1E,FFFFFF,r9353405
Operator_100,RATP,C02251,77,77,3,0055C8,FFFFFF,r9353416
Operator_100,RATP,C02254,40,40,3,82C8E6,000000,r1942584
Operator_100,RATP,C02288,193,193,3,996633,FFFFFF,r6040778
Operator_100,RATP,C02314,263,263,3,FF82B4,000000,r10742267
Operator_100,RATP,C02437,209,209,3,00A092,FFFFFF,r12811954
Operator_100,RATP,C02457,LBLEUE,Ligne Bleue,3,8AD3DE,000000,r7975655
Operator_100,RATP,C02459,382,382,3,8D653D,FFFFFF,r13593220
Operator_100,RATP,C02538,311,311,3,F58F53,000000,r15616801
71,RER,C01727,C,C,2,FFCC30,000000,r122886
71,RER,C01728,D,D,2,008B5B,FFFFFF,r1673421
71,RER,C01729,E,E,2,B94E9A,FFFFFF,r7271953
71,RER,C01742,A,A,2,EB2132,FFFFFF,r2333448
71,RER,C01743,B,B,2,5091CB,FFFFFF,r7420701
71,RER,C01849,A,A,3,EB2132,FFFFFF,
71,RER,C01850,B,B,3,5091CB,FFFFFF,
71,RER,C01851,C,C,3,FFCC30,000000,
71,RER,C01852,D,D,3,008B5B,FFFFFF,
71,RER,C01853,E,E,3,B94E9A,FFFFFF,
263,Rambouillet Interurbain,C00163,01,01,3,F4AACC,000000,
263,Rambouillet Interurbain,C00165,04,04,3,AA7B6A,000000,r7920958
263,Rambouillet Interurbain,C00166,05,05,3,96C0E8,000000,r7920963
263,Rambouillet Interurbain,C00170,10,10,3,3BB2FF,000000,r9181020
263,Rambouillet Interurbain,C00171,11,11,3,3BB2FF,000000,r14009234
263,Rambouillet Interurbain,C00174,19,19,3,F5A488,000000,
263,Rambouillet Interurbain,C00175,20,20,3,CE9FC5,000000,
263,Rambouillet Interurbain,C00187,23,23,3,A6A4A5,000000,
263,Rambouillet Interurbain,C00188,89,89,3,FEE900,000000,
263,Rambouillet Interurbain,C01951,12,12,3,3BB2FF,000000,r9206600
70,Rambouillet Urbain,C00182,A,A,3,E30613,FFFFFF,r7920962
70,Rambouillet Urbain,C00183,B,B,3,2581C4,FFFFFF,r7920961
70,Rambouillet Urbain,C00184,E,E,3,F7A823,000000,r9171822
70,Rambouillet Urbain,C01678,C,C,3,F0A9C9,000000,r9190795
70,Rambouillet Urbain,C01824,D,D,3,A2BF1A,000000,r9228969
123,Réseau du Canton de Perthes,C02156,09,09,3,7F1518,FFFFFF,r9968652
123,Réseau du Canton de Perthes,C02159,21,21,3,004A99,FFFFFF,r9968719
123,Réseau du Canton de Perthes,C02277,14,14,3,FFFF00,000000,r15538433
Operator_039,SAVAC,C00496,39-10,39-10,3,9D0A6D,FFFFFF,r4030054
Operator_039,SAVAC,C00497,39-12,39-12,3,AFB9DF,000000,r8702005
Operator_039,SAVAC,C00498,39-13,39-13,3,463D91,FFFFFF,r9952981
Operator_039,SAVAC,C00500,39-17,39-17,3,86BC25,000000,r7921032
Operator_039,SAVAC,C00502,39-18,39-18,3,EC6445,FFFFFF,r9261401
Operator_039,SAVAC,C00504,39-27,39-27,3,D0D0D0,000000,
Operator_039,SAVAC,C00518,39-303,39-303,3,646363,FFFFFF,r9948936
Operator_039,SAVAC,C00521,39-34,39-34,3,AFB9DF,000000,r7906370
Operator_039,SAVAC,C00528,39-103,39-103,3,DDCA00,000000,r9261361
Operator_039,SAVAC,C00529,39-203,39-203,3,93C465,000000,r9953049
Operator_039,SAVAC,C00532,307,Express 307,3,3BB2FF,000000,r9172833
Operator_039,SAVAC,C00533,39-403,39-403,3,936FAF,FFFFFF,r9261410
Operator_039,SAVAC,C01721,39-07,39-07,3,97B0AF,000000,r7920589
Operator_039,SAVAC,C01838,39-38,39-38,3,4F74A8,FFFFFF,r9953003
Operator_039,SAVAC,C02301,GPSO,GPSO Bus,3,FF9900,FFFFFF,r7920955
Operator_039,SAVAC,C02394,Bel Air,Navette Bel Air - La Forêt,3,351C75,FFFFFF,r11696066
Operator_040,SETRA,C00549,BrieBus,Brie Bus,3,B2FF00,FFFFFF,r3315942
1067,SITUS,C00084,7,7,3,C1CE00,000000,r7435393
1067,SITUS,C00085,8,8,3,76B72A,000000,r8364981
1067,SITUS,C00547,10,10,3,5B3800,FFFFFF,r5931547
1067,SITUS,C00552,1,1,3,6E1F64,FFFFFF,r5931043
1067,SITUS,C00553,2,2,3,DB2F36,FFFFFF,r5931083
1067,SITUS,C00554,3,3,3,0097D5,000000,r5931514
1067,SITUS,C00555,4,4,3,FFDF00,000000,r5931478
1067,SITUS,C00556,5,5,3,F29503,000000,r5930785
1067,SITUS,C00557,6,6,3,0064A4,FFFFFF,r3638709
1067,SITUS,C00560,102,102,3,045BA3,FFFFFF,r9857123
1067,SITUS,C00561,103,103,3,045BA3,FFFFFF,r9857233
1067,SITUS,C02456,9,9,3,F4CCCC,000000,
Operator_044,STAVO,C01868,40,40,3,EB6793,FFFFFF,r8312545
Operator_044,STAVO,C01872,43,43,3,F1E513,000000,r8404223
Operator_044,STAVO,C01873,51,51,3,4DB5FF,FFFFFF,r8400207
34,STILE Express,C00655,100,Express 100 Les Mureaux St Quentin,3,3BB2FF,000000,r9188817
34,STILE Express,C00753,EXP A14,Express A14 Les Mureaux,3,3BB2FF,000000,
34,STILE Express,C00754,EXP A14,Express A14 Verneuil,3,3BB2FF,000000,
89,STILL,C00819,3,3,3,CC99FF,000000,r9241167
89,STILL,C00822,9A,9A,3,A69514,FFFFFF,r7920972
89,STILL,C00823,10,10,3,77AD1C,FFFFFF,r10016215
89,STILL,C00826,13A,13A,3,009FE3,000000,r10242365
89,STILL,C00827,14A,14A,3,E72D81,FFFFFF,r10021559
89,STILL,C00828,207,207,3,FF6600,FFFFFF,r7797146
89,STILL,C00832,1,1,3,F6AB59,000000,r7920996
89,STILL,C00833,2,2,3,72BB81,000000,r10016233
89,STILL,C00834,4,4,3,EE8260,000000,r9242016
89,STILL,C00835,5,5,3,004C93,000000,r9197254
89,STILL,C01451,19,19,3,B3A016,000000,r7920973
89,STILL,C01962,9B,9B,3,DAC062,000000,r7920967
89,STILL,C01963,9C,9C,3,EDDB8E,000000,r7920968
89,STILL,C01967,11D,11D,3,E4C2DD,000000,r10237086
89,STILL,C01969,13B,13B,3,59C6F2,000000,r10021508
89,STILL,C01970,13C,13C,3,A1DAF7,000000,r10242502
89,STILL,C01971,14B,14B,3,EE77A5,000000,
89,STILL,C02032,18C,18C,3,CDA796,000000,r10223150
1062,Saint Germain Boucles de Seine,C00143,EX01,Express 1,3,3BB2FF,000000,r7920974
1062,Saint Germain Boucles de Seine,C00144,8,8,3,EA9999,000000,r8109456
1062,Saint Germain Boucles de Seine,C00146,9AB,9AB,3,B0D6ED,000000,r8264763
1062,Saint Germain Boucles de Seine,C00148,9D,9D,3,A9C153,FFFFFF,r8264765
1062,Saint Germain Boucles de Seine,C00149,10,10,3,EAD1DC,FFFFFF,r7011365
1062,Saint Germain Boucles de Seine,C00150,15,15,3,B6D7A8,FFFFFF,r8393002
1062,Saint Germain Boucles de Seine,C00154,21,21,3,783F04,FFFFFF,r7011364
1062,Saint Germain Boucles de Seine,C00156,R4,R4,3,9E2784,FFFFFF,r7921017
1062,Saint Germain Boucles de Seine,C00157,R5,R5,3,FECF00,000000,r7920980
1062,Saint Germain Boucles de Seine,C00158,R2N,R2 Nord,3,9FC5E8,FFFFFF,r3800421
1062,Saint Germain Boucles de Seine,C00159,R2S,R2 Sud,3,1C98D5,FFFFFF,r7917746
1062,Saint Germain Boucles de Seine,C00160,R1,R1,3,E34611,FFFFFF,r7920981
1062,Saint Germain Boucles de Seine,C00161,R3N,R3 Nord,3,A2C119,000000,r7917760
1062,Saint Germain Boucles de Seine,C00162,R3S,R3 Sud,3,A2C119,000000,r7917762
1062,Saint Germain Boucles de Seine,C02269,A14,Express A14 Chambourcy,3,3BB2FF,000000,
1062,Saint Germain Boucles de Seine,C02491,Soir,Soir Saint-Germain-en-Laye,3,652C8F,FFFFFF,
1062,Saint Germain Boucles de Seine,C02503,TàD,TàD 78,3,FECB00,000000,
1068,Saint-Quentin-en-Yvelines,C00403,10,10,3,79AC2B,FFFFFF,r7532322
1068,Saint-Quentin-en-Yvelines,C00416,20,20,3,73C6C8,FFFFFF,r8740800
1068,Saint-Quentin-en-Yvelines,C00418,8,8,3,E74215,FFFFFF,r8738250
1068,Saint-Quentin-en-Yvelines,C00482,36-15,36-15,3,B1B9DF,000000,r8447240
1068,Saint-Quentin-en-Yvelines,C00544,439,439,3,79AC2B,FFFFFF,r8272658
1068,Saint-Quentin-en-Yvelines,C01521,401,401,3,79AC2B,FFFFFF,r7890329
1068,Saint-Quentin-en-Yvelines,C01522,441,441,3,B1B9DF,000000,r7921031
1068,Saint-Quentin-en-Yvelines,C01523,402,402,3,B1B9DF,000000,r7887299
1068,Saint-Quentin-en-Yvelines,C01524,420,420,3,79AC2B,FFFFFF,r8729263
1068,Saint-Quentin-en-Yvelines,C01526,422,422,3,79AC2B,FFFFFF,r6886101
1068,Saint-Quentin-en-Yvelines,C01527,414,414,3,E74215,FFFFFF,r6886129
1068,Saint-Quentin-en-Yvelines,C01528,415,415,3,E74215,FFFFFF,r2564126
1068,Saint-Quentin-en-Yvelines,C01530,417,417,3,E74215,FFFFFF,r8256621
1068,Saint-Quentin-en-Yvelines,C01531,418,418,3,E74215,FFFFFF,r8370158
1068,Saint-Quentin-en-Yvelines,C01532,419,419,3,79AC2B,FFFFFF,r8383356
1068,Saint-Quentin-en-Yvelines,C01533,444,444,3,B1B9DF,000000,
1068,Saint-Quentin-en-Yvelines,C01535,461,461,3,79AC2B,FFFFFF,r9192706
1068,Saint-Quentin-en-Yvelines,C01537,463,463,3,79AC2B,FFFFFF,r9192799
1068,Saint-Quentin-en-Yvelines,C01538,464,464,3,79AC2B,FFFFFF,r8369253
1068,Saint-Quentin-en-Yvelines,C01539,465,465,3,E74215,FFFFFF,r8036799
1068,Saint-Quentin-en-Yvelines,C01540,466,466,3,B1B9DF,000000,r9193824
1068,Saint-Quentin-en-Yvelines,C01541,467,467,3,79AC2B,FFFFFF,r8383446
1068,Saint-Quentin-en-Yvelines,C01542,468,468,3,79AC2B,FFFFFF,r7921433
1068,Saint-Quentin-en-Yvelines,C01543,475,475,3,3BB2FF,000000,r6290750
1068,Saint-Quentin-en-Yvelines,C01676,431,431,3,B1BADF,000000,r9192821
1068,Saint-Quentin-en-Yvelines,C01677,430,430,3,B1BADF,000000,r7921033
1068,Saint-Quentin-en-Yvelines,C01869,44,44,3,79AC2B,FFFFFF,r5873533
1068,Saint-Quentin-en-Yvelines,C01870,45,45,3,79AC2B,FFFFFF,r8735247
1068,Saint-Quentin-en-Yvelines,C01871,50,50,3,B1B9DF,000000,r8740866
1068,Saint-Quentin-en-Yvelines,C02169,6,6,3,B1B9DF,000000,r8738081
1068,Saint-Quentin-en-Yvelines,C02170,9,9,3,79AC2B,FFFFFF,r7920997
1068,Saint-Quentin-en-Yvelines,C02216,423,423,3,79AC2B,FFFFFF,r7743345
1068,Saint-Quentin-en-Yvelines,C02217,424,424,3,7BAC2B,FFFFFF,r8727965
1068,Saint-Quentin-en-Yvelines,C02218,459,459,3,B1B9DF,000000,r8729300
1068,Saint-Quentin-en-Yvelines,C02448,403,403,3,B1B9DF,000000,
741,Scolaire Est Yvelines,C01489,06,06,3,AC9072,000000,
741,Scolaire Est Yvelines,C01490,503,503,3,33BDD9,000000,
75,Seine Essonne Bus,C00385,301,301,3,0B5394,FFFFFF,r8299933
75,Seine Essonne Bus,C00386,302,302,3,FFD966,FFFFFF,r9237446
75,Seine Essonne Bus,C00388,303,303,3,38761D,000000,r8310967
75,Seine Essonne Bus,C00390,304,304,3,CC0000,000000,r9181256
75,Seine Essonne Bus,C00392,305,305,3,660000,FFFFFF,r6883259
75,Seine Essonne Bus,C01714,300,300,3,E69138,FFFFFF,r9237359
1047,Seine Grand Orly,C00001,482,482,3,0B5394,FFFFFF,r9348862
1047,Seine Grand Orly,C00003,Licorne,Licorne,3,E2007A,FFFFFF,r6883314
1047,Seine Grand Orly,C00004,483,483,3,F7941D,000000,r6929043
1047,Seine Grand Orly,C00006,480,480,3,00ADEE,000000,r7011303
1047,Seine Grand Orly,C00007,282,282,3,2CB461,FFFFFF,r7147174
76,Seine et Marne Express,C00639,19E,Express 19,3,3BB2FF,000000,r6957244
76,Seine et Marne Express,C00798,46,Express 46,3,3BB2FF,000000,r6957304
76,Seine et Marne Express,C00815,34,34,3,3BB2FF,000000,r6957305
76,Seine et Marne Express,C01499,47,Express 47,3,3BB2FF,000000,r8444603
76,Seine et Marne Express,C01500,50,Express 50,3,3BB2FF,000000,
76,Seine et Marne Express,C01505,07,Express 07,3,3BB2FF,000000,r11175663
184,Seine-Saint-Denis,C01574,602,602,3,E2001A,FFFFFF,r2965780
184,Seine-Saint-Denis,C01575,603,603,3,8D5E24,FFFFFF,r3399270
184,Seine-Saint-Denis,C01576,604,604,3,CEADD2,000000,r3030615
184,Seine-Saint-Denis,C01577,605,605,3,D5C900,000000,r7921025
184,Seine-Saint-Denis,C01581,613,613,3,00814F,FFFFFF,r6972324
184,Seine-Saint-Denis,C01589,623,623,3,98D4E2,000000,r6991408
184,Seine-Saint-Denis,C01595,644,644,3,83C491,000000,r6972206
184,Seine-Saint-Denis,C02092,643,643,3,F28E43,000000,r8126041
81,Sit'bus,C00030,E,E,3,D896C1,000000,r7993123
81,Sit'bus,C00031,A,A,3,008D36,FFFFFF,r7993124
81,Sit'bus,C00032,D,D,3,2C2E83,FFFFFF,r7993122
81,Sit'bus,C00033,B,B,3,06B8E1,000000,r7993120
81,Sit'bus,C00034,C,C,3,732275,FFFFFF,r7993121
84,Siyonne,C01435,A,A,3,B60058,FFFFFF,r8393308
84,Siyonne,C01436,B,B,3,B6C92F,000000,r5763997
84,Siyonne,C01437,C,C,3,C4A7CD,000000,
84,Siyonne,C01438,Ea,Ea,3,3495D5,000000,r7208740
84,Siyonne,C01439,G,G,3,813684,FFFFFF,
84,Siyonne,C01440,Eb,Eb,3,3495D5,000000,r7208739
84,Siyonne,C01441,I,I,3,E5AC52,000000,
84,Siyonne,C01442,F,F,3,249446,FFFFFF,
84,Siyonne,C01443,Emplet,Emplet,3,C0CE2B,FFFFFF,r9231700
84,Siyonne,C01686,L,L,3,2F287F,FFFFFF,
Operator_059,Stivo,C00762,30,30,3,FF82B4,000000,r7447451
Operator_059,Stivo,C00763,34,34,3,FFBE00,000000,r7457086
Operator_059,Stivo,C00764,35,35,3,82DC73,000000,r7451164
Operator_059,Stivo,C00766,38,38,3,FF1400,FFFFFF,r7442593
Operator_059,Stivo,C00767,39,39,3,D2D200,000000,r7441248
Operator_059,Stivo,C00768,40,40,3,0055C8,FFFFFF,r7435863
Operator_059,Stivo,C00769,42,42,3,FF5A00,000000,r7435571
Operator_059,Stivo,C00770,43,43,3,6E6E00,FFFFFF,r7433093
Operator_059,Stivo,C00771,44,44,3,D282BE,000000,r7430094
Operator_059,Stivo,C00772,45,45,3,640082,FFFFFF,r7346820
Operator_059,Stivo,C00774,48,48,3,FF5A00,000000,r7426172
Operator_059,Stivo,C00778,49,49,3,00A092,FFFFFF,r7373447
Operator_059,Stivo,C00781,56,56,3,5A230A,FFFFFF,r7372176
Operator_059,Stivo,C00782,57,57,3,00643C,FFFFFF,r7364631
Operator_059,Stivo,C00783,58,58,3,82C8E6,000000,r7370851
Operator_059,Stivo,C00784,59,59,3,A0006E,FFFFFF,r7359261
Operator_059,Stivo,C00785,60,60,3,A50034,FFFFFF,r7353488
Operator_059,Stivo,C02085,33,33,3,82DC73,000000,r8076962
Operator_059,Stivo,C02086,55,55,3,D282BE,000000,r8077088
Operator_059,Stivo,C02141,29,29,3,3C91DC,FFFFFF,
78,Sénart,C00836,50,50,3,3BB2FF,000000,r9173650
78,Sénart,C00837,51,51,3,9B9BCD,000000,r8465321
78,Sénart,C00838,55,55,3,3BB2FF,000000,r9702170
78,Sénart,C00839,54,54,3,3BB2FF,000000,
78,Sénart,C00841,02,02,3,FCBB73,000000,r7263065
78,Sénart,C00843,03,03,3,00AFAD,000000,r8464879
78,Sénart,C00844,04,04,3,FF7F00,FFFFFF,r6744194
78,Sénart,C00845,11,11,3,40147F,FFFFFF,r6751813
78,Sénart,C00846,12,12,3,EE1D23,FFFFFF,r6744258
78,Sénart,C00847,13,13,3,0A560B,FFFFFF,r7199517
78,Sénart,C00850,34,34,3,8E4900,FFFFFF,r6744021
78,Sénart,C00851,36,36,3,EBDB01,000000,r6744094
78,Sénart,C00852,37,37,3,93D5F6,000000,r6744031
78,Sénart,C00853,41,41,3,8E4900,FFFFFF,r6744103
78,Sénart,C00854,42,42,3,EE1D23,FFFFFF,r7323910
78,Sénart,C00855,43,43,3,0A560B,FFFFFF,r7323911
78,Sénart,C00856,35,35,3,FF7F00,FFFFFF,r7301947
78,Sénart,C00859,Tzen1,Tzen1,3,C5CE00,000000,r1650713
78,Sénart,C00861,53,53,3,FF7F00,FFFFFF,r6751789
78,Sénart,C00862,21,21,3,40147F,FFFFFF,r6744247
78,Sénart,C00863,22,22,3,EE1D23,FFFFFF,r6751698
78,Sénart,C00864,25,25,3,0A560B,FFFFFF,r7244706
78,Sénart,C00865,24,24,3,EE1D23,FFFFFF,r7248309
78,Sénart,C00866,26,26,3,B6DE92,000000,r7244705
78,Sénart,C00867,23,23,3,0A560B,FFFFFF,r6744271
78,Sénart,C00868,32,32,3,EE1D23,FFFFFF,r6741397
78,Sénart,C00869,CPSF,CPSF,3,B5539A,FFFFFF,r8465746
78,Sénart,C00871,33,33,3,0A560B,FFFFFF,r6741557
78,Sénart,C01669,31,31,3,40147F,FFFFFF,r6741325
78,Sénart,C01806,CITALIEN,CITALIEN,3,3BB2FF,000000,r7280948
78,Sénart,C02187,61B,61B,3,FCBB73,000000,r9718465
78,Sénart,C02188,62C,62C,3,93D5F6,000000,r9718464
78,Sénart,C02191,62A,62A,3,00AFAD,000000,
78,Sénart,C02192,62B,62B,3,005C63,FFFFFF,
78,Sénart,C02193,63,63,3,EC619F,000000,
78,Sénart,C02194,61A,61A,3,F3BD04,000000,
78,Sénart,C02458,27,27,3,F49FB3,000000,
93,TER,C01744,TER,TER Centre - Val de Loire,2,AAAAAA,000000,
93,TER,C01745,TER,TER Bourgogne - Franche-Comté,2,AAAAAA,000000,
93,TER,C01746,TER,TER Hauts-de-France,2,AAAAAA,000000,
93,TER,C01747,TER,TER Grand-Est,2,AAAAAA,000000,
93,TER,C01748,TER,TER Normandie,2,AAAAAA,000000,
93,TER,C01857,TER,TER Centre - Val-de-Loire,2,AAAAAA,000000,
93,TER,C01863,TER,TER Hauts-de-France,2,AAAAAA,000000,
93,TER,C02368,TER,TER Centre - Val de Loire,2,AAAAAA,000000,
93,TER,C02370,TER,TER Normandie,2,AAAAAA,000000,
93,TER,C02372,TER,TER Hauts-de-France,2,AAAAAA,000000,
93,TER,C02375,TER,TER Normandie,2,AAAAAA,000000,
Operator_400,TICE,C01615,510,510,3,777677,FFFFFF,r8281027
Operator_400,TICE,C01616,401,401,3,BAB1D7,000000,r2261638
Operator_400,TICE,C01617,402,402,3,E6001B,FFFFFF,r6785512
Operator_400,TICE,C01618,403,403,3,EFA602,FFFFFF,r2261502
Operator_400,TICE,C01619,404,404,3,99C400,FFFFFF,r3325971
Operator_400,TICE,C01620,405,405,3,0088C6,FFFFFF,r1648952
Operator_400,TICE,C01621,406,406,3,834D48,FFFFFF,r8282002
Operator_400,TICE,C01622,407,407,3,81D4F1,000000,r1648058
Operator_400,TICE,C01623,408,408,3,00B59F,FFFFFF,r3286442
Operator_400,TICE,C01624,409,409,3,00812C,FFFFFF,r9136841
Operator_400,TICE,C01626,413,413,3,FFDD00,000000,r8374540
Operator_400,TICE,C01627,414,414,3,F28CBD,000000,r7101486
Operator_400,TICE,C01628,415,415,3,71351D,FFFFFF,r8281810
Operator_400,TICE,C01629,418,418,3,B3DBA6,000000,r9136664
Operator_400,TICE,C01630,419,419,3,FAC8A9,000000,r9136817
Operator_400,TICE,C01631,453,453,3,A80983,FFFFFF,r8396927
Operator_400,TICE,C01672,416,416,3,642165,FFFFFF,r9182104
Operator_400,TICE,C01956,420,420,3,046376,FFFFFF,r6785602
176,Tam Limay,C00061,501,501,3,96B28A,FFFFFF,
1069,Terres d'Envol,C00189,1,1,3,00814F,FFFFFF,r6158847
1069,Terres d'Envol,C00197,15,15,3,0064B0,FFFFFF,r6163294
1069,Terres d'Envol,C00213,39,39,3,F28F42,000000,r8388059
1069,Terres d'Envol,C00214,43,43,3,C04191,FFFFFF,r6161018
1069,Terres d'Envol,C00215,44,44,3,98D4E2,000000,r7921055
1069,Terres d'Envol,C00216,45,45,3,F3A4BA,000000,r7752065
1069,Terres d'Envol,C01297,349,349,3,82DC73,000000,r7783262
1069,Terres d'Envol,C01549,702,702,3,005AA1,FFFFFF,r9190123
1069,Terres d'Envol,C01550,703,703,3,005AA1,FFFFFF,r9189775
1069,Terres d'Envol,C01578,607,607,3,F28E43,000000,r8189692
1069,Terres d'Envol,C01579,609,609,3,C04191,FFFFFF,r8207026
1069,Terres d'Envol,C01580,610,610,3,CEADD2,000000,r8256486
1069,Terres d'Envol,C01583,615,615,3,83C491,000000,r5594143
1069,Terres d'Envol,C01584,616,616,3,0064B0,FFFFFF,r2214088
1069,Terres d'Envol,C01585,617,617,3,F3A4BA,000000,r7194122
1069,Terres d'Envol,C01586,618,618,3,E3B32A,000000,r8292255
1069,Terres d'Envol,C01587,619,619,3,83C491,000000,r8449420
1069,Terres d'Envol,C01588,620,620,3,00814F,FFFFFF,r7917842
1069,Terres d'Envol,C01590,627,627,3,9F9825,FFFFFF,r7114025
1069,Terres d'Envol,C01591,637,637,3,F3A4BA,000000,r6972224
1069,Terres d'Envol,C01594,642,642,3,0064B0,FFFFFF,r8208930
1069,Terres d'Envol,C02265,T'bus 1,T'bus 1,3,E3051B,FFFFFF,r8392645
1069,Terres d'Envol,C02266,T'bus 2,T'bus 2,3,FECE00,000000,r13669221
1069,Terres d'Envol,C02267,T'bus 3,T'bus 3,3,0064B0,FFFFFF,r13669220
593,Titus,C01826,1,1,3,FF0000,FFFFFF,r8379297
593,Titus,C01827,2,2,3,FFBF00,000000,r8379422
593,Titus,C01828,3,3,3,33FF33,000000,r8379317
593,Titus,C01829,4,4,3,0033FF,FFFFFF,r8378312
Operator_050,Trans Val d'Oise,C00609,22,22,3,FFE600,000000,r3256314
Operator_050,Trans Val d'Oise,C00610,23,23,3,FF0000,FFFFFF,r3256316
Operator_050,Trans Val d'Oise,C00611,25,25,3,8C0073,FFFFFF,r7757955
Operator_050,Trans Val d'Oise,C00612,24,24,3,1791FF,000000,r8370222
Operator_050,Trans Val d'Oise,C00616,36,36,3,E600FF,FFFFFF,r8450068
Operator_050,Trans Val d'Oise,C00617,37,37,3,33FF00,000000,r3256022
Operator_050,Trans Val d'Oise,C01867,20,20,3,FF7300,FFFFFF,r8106274
Operator_052,Transdev Autocars Tourneux,C00652,80,80,3,3BB2FF,000000,r9240299
Operator_010,Transdev CEAT,C00083,101,101,3,E30613,FFFFFF,r8718761
Operator_010,Transdev CEAT,C00090,107,107,3,2ECFFF,FFFFFF,r7447656
Operator_010,Transdev CEAT,C00094,15,15,3,59FF4C,FFFFFF,r8588734
Operator_010,Transdev CEAT,C00321,103,103,3,FF8C00,000000,r9185040
Operator_010,Transdev CEAT,C00323,202,202,3,7FFF33,000000,r7853637
Operator_010,Transdev CEAT,C01663,109,109,3,F200CC,FFFFFF,r9261650
Operator_010,Transdev CEAT,C01763,102,102,3,26FFD1,000000,r7980611
Operator_010,Transdev CEAT,C01810,108,108,3,8CFF00,000000,r6785380
Operator_010,Transdev CEAT,C02418,105A,105A,3,8E7CC3,FFFFFF,
Operator_010,Transdev CEAT,C02419,105B,105B,3,9900FF,FFFFFF,
Operator_015,Transdev CSO,C00287,4,Express 4,3,3BB2FF,000000,r9195309
Operator_212,Transdev Ile-de-France Conflans,C00151,EX16,Express 16,3,3BB2FF,FFFFFF,r8184117
Operator_212,Transdev Ile-de-France Conflans,C01472,9518,Express 95-18,3,3BB2FF,000000,r3253980
Operator_212,Transdev Ile-de-France Conflans,C02204,27,Express 27,3,3BB2FF,000000,r8228825
Operator_254,Transdev Ile-de-France Lys,C00263,100,Express 100,3,3BB2FF,000000,r6156507
Operator_062,Transdev Ile-de-France Vulaines,C00791,44,44,3,568203,FFFFFF,r7921012
Operator_062,Transdev Ile-de-France Vulaines,C02258,40,40,3,F08262,FFFFFF,
Operator_1008,Transdev Valmy,C00305,33,33 SoisyBus,3,FF5EE3,000000,r8409188
1046,Transilien,C01683,T4,T4,3,DFAF47,000000,
1046,Transilien,C01730,P,P,2,F58F53,000000,r7420696
1046,Transilien,C01731,R,R,2,F49FB3,000000,r7420697
1046,Transilien,C01736,N,N,2,00B297,FFFFFF,r7420700
1046,Transilien,C01737,H,H,2,84653D,FFFFFF,r7420698
1046,Transilien,C01738,K,K,2,9B9842,FFFFFF,r253357
1046,Transilien,C01739,J,J,2,CEC73D,000000,r6904183
1046,Transilien,C01740,L,L,2,C4A4CC,000000,r8557335
1046,Transilien,C01741,U,U,2,B6134C,FFFFFF,r215565
1046,Transilien,C01840,U,U,3,B6134C,FFFFFF,
1046,Transilien,C01841,P,P,3,F58F53,000000,
1046,Transilien,C01842,H,H,3,8D653D,FFFFFF,
1046,Transilien,C01843,T4,T4,0,DFAF47,000000,r6910344
1046,Transilien,C01844,K,K,3,9B9842,FFFFFF,
1046,Transilien,C01845,N,N,3,00B297,FFFFFF,
1046,Transilien,C01846,J,J,3,CEC73D,000000,
1046,Transilien,C01847,L,L,3,C4A4CC,000000,
1046,Transilien,C01848,R,R,3,F49FB3,000000,
1046,Transilien,C01999,T11,T11,0,F58F53,000000,r8467024
1046,Transilien,C02344,T13,T13,0,8D653D,000000,r14263358
1046,Transilien,C02363,BUS SNCF,Corbeil - La Ferté Alais,3,AAAAAA,000000,
1046,Transilien,C02364,BUS SNCF,Corbeil - Melun,3,AAAAAA,000000,
1046,Transilien,C02366,BUS SNCF,Longueville - Provins,3,AAAAAA,000000,
109,Traverciel,C01482,27,27,3,FF0000,FFFFFF,r8407209
109,Traverciel,C01483,28,28,3,00B0F0,FFFFFF,r9184807
109,Traverciel,C01484,29,29,3,FF7600,000000,r9184990
109,Traverciel,C01772,30,30,3,339966,FFFFFF,r8406206
109,Traverciel,C02239,460,460,3,FF00FF,FFFFFF,r7791162
1057,Val d'Yerres Val de Seine,C00351,InterVals,Inter-Vals,3,14488E,FFFFFF,r8218451
1057,Val d'Yerres Val de Seine,C00354,A,A,3,E95E25,FFFFFF,r7921002
1057,Val d'Yerres Val de Seine,C00355,B,B,3,FDCC0D,000000,r7921001
1057,Val d'Yerres Val de Seine,C00356,BM,BM,3,AFC936,000000,r8218466
1057,Val d'Yerres Val de Seine,C00357,C,C,3,BAA3CB,000000,r7921004
1057,Val d'Yerres Val de Seine,C00358,D,D,3,1FA12E,FFFFFF,r7921003
1057,Val d'Yerres Val de Seine,C00359,E,E,3,00B2FF,000000,r7921000
1057,Val d'Yerres Val de Seine,C00360,F,F,3,D9E7B1,000000,r7920995
1057,Val d'Yerres Val de Seine,C00363,LP1,LP1,3,9C9EA1,000000,r9129177
1057,Val d'Yerres Val de Seine,C00369,12,12,3,7A6FAC,000000,r7734525
1057,Val d'Yerres Val de Seine,C00370,13,13,3,CCB299,000000,r7734523
1057,Val d'Yerres Val de Seine,C00371,14,14,3,1DA6DF,000000,r9128840
1057,Val d'Yerres Val de Seine,C00372,18,18,3,83D1F2,000000,r9122066
1057,Val d'Yerres Val de Seine,C00373,19,19,3,E75094,000000,r9122182
1057,Val d'Yerres Val de Seine,C00376,16,16,3,F29520,000000,r9129005
1057,Val d'Yerres Val de Seine,C00377,RD,RD,3,7A2512,FFFFFF,
1057,Val d'Yerres Val de Seine,C00378,17,17,3,BF1F25,FFFFFF,r9129095
1057,Val d'Yerres Val de Seine,C00379,191-100,Express 191-100,3,3BB2FF,000000,r6867541
1057,Val d'Yerres Val de Seine,C00576,H,H,3,B65190,FFFFFF,r6860109
1057,Val d'Yerres Val de Seine,C00577,F,F,3,DF3182,FFFFFF,r5752558
1057,Val d'Yerres Val de Seine,C00579,D,D,3,E2BA00,FFFFFF,r7011260
1057,Val d'Yerres Val de Seine,C00580,A,A,3,3B96C9,FFFFFF,r5754922
1057,Val d'Yerres Val de Seine,C00582,C,C,3,95BC1B,FFFFFF,r8710156
1057,Val d'Yerres Val de Seine,C00586,F4,F4,3,FBBF28,000000,r5847185
1057,Val d'Yerres Val de Seine,C00590,S,S,3,A5A4CD,FFFFFF,r5974113
1057,Val d'Yerres Val de Seine,C00591,M,M,3,FFDC00,000000,r5974188
1057,Val d'Yerres Val de Seine,C00592,I,I,3,C09051,FFFFFF,r5847217
1057,Val d'Yerres Val de Seine,C00598,QBUS,Quincy Bus,3,B3D1E8,000000,r9181579
1057,Val d'Yerres Val de Seine,C00599,E,E,3,DD0026,FFFFFF,r6860181
1057,Val d'Yerres Val de Seine,C00602,X,X,3,FFE400,000000,r5728903
1057,Val d'Yerres Val de Seine,C01562,91-01,EXPRESS 91-01,3,3BB2FF,000000,r8404345
1057,Val d'Yerres Val de Seine,C01570,91-09,EXPRESS 91-09,3,3BB2FF,000000,r6867574
1057,Val d'Yerres Val de Seine,C01886,P,P,3,95BC1B,FFFFFF,r7917900
1057,Val d'Yerres Val de Seine,C02260,Soir,Soirée Draveil,3,652C8F,FFFFFF,
1057,Val d'Yerres Val de Seine,C02261,Soir,Soirée Vigneux,3,652C8F,FFFFFF,
1057,Val d'Yerres Val de Seine,C02262,Soir,Soirée Montgeron,3,652C8F,FFFFFF,
1057,Val d'Yerres Val de Seine,C02504,Soir,Soirée Crosne,3,652C8F,FFFFFF,
1057,Val d'Yerres Val de Seine,C02505,Soir,Soirée Yerres Nord,3,652C8F,FFFFFF,
1057,Val d'Yerres Val de Seine,C02506,Soir,Soirée Yerres Sud,3,652C8F,FFFFFF,
1057,Val d'Yerres Val de Seine,C02507,Soir,Soirée Brunoy Sud,3,652C8F,FFFFFF,
1057,Val d'Yerres Val de Seine,C02508,Soir,Soirée Boussy Saint Antoine,3,652C8F,FFFFFF,
1057,Val d'Yerres Val de Seine,C02509,Soir,Soirée Quincy sous Sénart,3,652C8F,FFFFFF,
211,Val de Seine,C00112,14,14,3,A5BE9A,FFFFFF,r9238037
211,Val de Seine,C00119,41,41,3,6C666E,FFFFFF,r8060916
211,Val de Seine,C02444,28,28,3,F5A374,FFFFFF,
113,ValBus,C00444,30-11,30-11,3,9FC11D,FFFFFF,r9223273
113,ValBus,C00447,30-14,30-14,3,3D99D0,FFFFFF,r8132466
113,ValBus,C00451,30-22,30-22,3,90C4E7,FFFFFF,r7844609
113,ValBus,C00452,30-23,30-23,3,A03187,000000,r9233997
113,ValBus,C00463,30-37,30-37,3,BD1220,FFFFFF,r9234023
113,ValBus,C00467,30-43,30-43,3,E2007A,FFFFFF,r7147185
113,ValBus,C02005,30-03,30-03,3,E3004F,FFFFFF,r10041715
1064,Vallée Grand Sud Paris,C00341,3,3,3,B100BD,FFFFFF,r9172126
1064,Vallée Grand Sud Paris,C00343,6,6,3,6166FF,000000,r7140481
1064,Vallée Grand Sud Paris,C00344,7,7,3,61EDD5,000000,r9196600
1064,Vallée Grand Sud Paris,C00350,14,14,3,0055FA,FFFFFF,r7142127
1064,Vallée Grand Sud Paris,C01336,MONTBUS,MONTBUS,3,AAAAAA,000000,r7592991
1064,Vallée Grand Sud Paris,C01357,579,ClamiBus,3,F4C931,000000,r7996352
1064,Vallée Grand Sud Paris,C01366,AMIBUS,AMIBUS,3,90CFDC,000000,r7902022
1064,Vallée Grand Sud Paris,C01368,FONT,Le Petit Fontenaisien,3,216EB4,FFFFFF,r7902826
1064,Vallée Grand Sud Paris,C01370,HIRO,L'Hirondelle,3,79BB92,000000,r7903216
1049,Vallée de Montmorency,C00299,10,10,3,2C964D,FFFFFF,r8409316
1049,Vallée de Montmorency,C00301,12,12,3,FECA2A,000000,r8132425
1049,Vallée de Montmorency,C00302,13,13,3,F39327,FFFFFF,r8388060
1049,Vallée de Montmorency,C00304,11,11,3,0E7EC2,FFFFFF,r8255784
1049,Vallée de Montmorency,C00307,37,37,3,502361,FFFFFF,r6980341
1049,Vallée de Montmorency,C00315,14,14,3,BE549A,FFFFFF,r8132454
1049,Vallée de Montmorency,C00446,30-13,30-13,3,F6B9BA,000000,r9223322
1049,Vallée de Montmorency,C00465,30-39,30-39,3,004171,FFFFFF,r9234745
1049,Vallée de Montmorency,C00486,38-03,38-03,3,F195BE,000000,r8024828
1049,Vallée de Montmorency,C01802,16,16,3,E52529,FFFFFF,r7399969
1049,Vallée de Montmorency,C01804,15,15,3,019CAF,000000,r8256243
1049,Vallée de Montmorency,C02422,TàD,TàD Eaubonne Domont,3,FECB00,000000,
1049,Vallée de Montmorency,C02462,17,17,3,8D653D,FFFFFF,r14664171
1049,Vallée de Montmorency,C02463,27,27,3,9B9842,FFFFFF,
1049,Vallée de Montmorency,C02464,Soir,Soirée Domont,3,652C8F,FFFFFF,
1049,Vallée de Montmorency,C02465,Soir,Soirée Écouen Ézanville,3,652C8F,FFFFFF,
115,Valoise,C00471,95-03A,95-03A,3,3BB2FF,000000,r9181427
115,Valoise,C00472,95-03B,95-03B,3,3BB2FF,000000,r9249703
115,Valoise,C00473,95-19,95-19,3,008B45,FFFFFF,r7917815
115,Valoise,C00476,95-20,95-20,3,3BB2FF,000000,r5890965
115,Valoise,C00477,95-21,95-21,3,D3A576,000000,r7823264
1048,Vexin,C00139,95-22,95-22,3,0D99BF,FFFFFF,r9464254
1048,Vexin,C00140,95-23,95-23,3,C27BA0,FFFFFF,r12246757
1048,Vexin,C00393,95-05,95-05,3,0000FF,FFFFFF,r6953405
1048,Vexin,C00394,95-07,95-07,3,BFFF00,000000,r6993738
1048,Vexin,C00395,95-08,95-08,3,00A6FF,000000,r6970689
1048,Vexin,C00399,95-16,95-16,3,80331B,FFFFFF,r8507551
1048,Vexin,C01552,95-04,95-04,3,3BB2FF,000000,r6880011
1048,Vexin,C01554,95-41,95-41,3,0055C8,000000,r4226214
1048,Vexin,C01785,95-06,95-06,3,B36B24,FFFFFF,r6954049
1048,Vexin,C01786,95-12,95-12,3,FF80FF,000000,r8507557
1048,Vexin,C02206,95-48,95-48,3,FF1400,FFFFFF,r9906060
1048,Vexin,C02414,95-49,95-49,3,FF5A00,FFFFFF,r12099692
1061,Vélizy Vallées,C00038,32,32,3,FFCE00,000000,r7921030
1061,Vélizy Vallées,C00042,33,33,3,9DCDA1,000000,r7921029
1061,Vélizy Vallées,C00043,24,24,3,98B3DA,FFFFFF,r9101011
1061,Vélizy Vallées,C00048,40,40,3,F19043,000000,r7413493
1061,Vélizy Vallées,C00049,42,42,3,007E49,FFFFFF,r9175920
1061,Vélizy Vallées,C00050,23,23,3,FF00FF,000000,r8271443
1061,Vélizy Vallées,C00051,45,45,3,BE418E,FFFFFF,r8407058
1061,Vélizy Vallées,C00052,22,22,3,DAA3C6,FFFFFF,r9203431
1061,Vélizy Vallées,C00702,11,11,3,99D4DF,000000,r8436111
1061,Vélizy Vallées,C00703,12,12,3,F4A25F,000000,r7483894
1061,Vélizy Vallées,C01687,31,31,3,84D3DB,000000,r9175639
1061,Vélizy Vallées,C01700,264,264,3,98B6DC,FFFFFF,r9948850
1061,Vélizy Vallées,C01701,261,261,3,F19043,000000,r9259815
1061,Vélizy Vallées,C01702,262,262,3,E20022,FFFFFF,r8259881
1061,Vélizy Vallées,C01799,260,260,3,DE9B9F,FFFFFF,r9948820
1061,Vélizy Vallées,C01805,34,34,3,F4A25F,000000,r7743343
1061,Vélizy Vallées,C02485,TàD,TàD 31,3,FECB00,000000,
1061,Vélizy Vallées,C02513,Soir,Soir Versailles-Chantiers,3,652C8F,FFFFFF,
